schedule_id,train_id,route_id,departure_date,departure_time,arrival_time,status,driver_employee_id,available_seats
SCH00001,TR0166,RT0005,2023-12-02,04:45:00,14:03:00,Delayed,EMP0500,189
SCH00002,TR0022,RT0036,2024-06-25,20:45:00,23:45:00,Completed,EMP0458,857
SCH00003,TR0179,RT0109,2024-01-24,19:15:00,00:57:00,On Time,EMP0218,615
SCH00004,TR0116,RT0099,2024-01-16,11:15:00,15:15:00,On Time,EMP0310,57
SCH00005,TR0148,RT0128,2024-07-20,23:15:00,04:39:00,Delayed,EMP0138,470
SCH00006,TR0140,RT0148,2023-05-16,11:00:00,15:12:00,Completed,EMP0291,544
SCH00007,TR0181,RT0095,2023-07-22,03:45:00,06:51:00,Completed,EMP0041,195
SCH00008,TR0187,RT0135,2024-10-06,08:45:00,18:27:00,On Time,EMP0268,961
SCH00009,TR0157,RT0023,2023-09-21,07:45:00,21:03:00,Delayed,EMP0340,734
SCH00010,TR0020,RT0139,2024-10-16,18:30:00,11:00:00,Delayed,EMP0463,401
SCH00011,TR0137,RT0003,2024-06-24,15:45:00,21:21:00,On Time,EMP0241,637
SCH00012,TR0188,RT0085,2023-05-13,13:30:00,21:24:00,Completed,EMP0409,351
SCH00013,TR0075,RT0043,2023-06-24,01:30:00,04:06:00,Delayed,EMP0289,316
SCH00014,TR0016,RT0122,2023-09-12,18:15:00,07:03:00,Delayed,EMP0337,348
SCH00015,TR0189,RT0007,2024-12-13,09:45:00,18:09:00,On Time,EMP0259,128
SCH00016,TR0072,RT0065,2024-12-15,04:30:00,17:54:00,On Time,EMP0132,64
SCH00017,TR0190,RT0029,2024-02-09,19:15:00,13:39:00,Completed,EMP0379,204
SCH00018,TR0169,RT0115,2023-07-17,11:15:00,01:21:00,On Time,EMP0359,291
SCH00019,TR0125,RT0047,2023-02-16,16:00:00,00:48:00,On Time,EMP0044,198
SCH00020,TR0153,RT0040,2024-07-05,15:45:00,21:51:00,Delayed,EMP0122,726
SCH00021,TR0113,RT0043,2024-01-30,06:30:00,09:06:00,On Time,EMP0136,823
SCH00022,TR0030,RT0014,2024-02-05,05:45:00,13:03:00,On Time,EMP0155,537
SCH00023,TR0192,RT0137,2024-06-23,07:45:00,11:57:00,Delayed,EMP0200,535
SCH00024,TR0068,RT0038,2023-06-26,16:45:00,15:39:00,On Time,EMP0475,866
SCH00025,TR0115,RT0098,2024-02-17,21:30:00,10:48:00,Completed,EMP0350,92
SCH00026,TR0025,RT0137,2024-02-19,20:30:00,00:42:00,Completed,EMP0222,675
SCH00027,TR0167,RT0070,2023-12-08,10:30:00,02:42:00,On Time,EMP0051,311
SCH00028,TR0168,RT0150,2024-07-23,12:45:00,01:03:00,Delayed,EMP0384,297
SCH00029,TR0188,RT0050,2023-12-16,16:30:00,12:42:00,Delayed,EMP0093,370
SCH00030,TR0141,RT0003,2023-04-23,21:00:00,02:36:00,Cancelled,EMP0007,471
SCH00031,TR0026,RT0135,2023-05-10,03:45:00,13:27:00,On Time,EMP0372,340
SCH00032,TR0065,RT0050,2024-01-19,01:00:00,21:12:00,Delayed,EMP0030,658
SCH00033,TR0169,RT0056,2023-02-04,19:00:00,05:48:00,Delayed,EMP0062,138
SCH00034,TR0155,RT0034,2024-03-17,12:15:00,08:39:00,Completed,EMP0357,238
SCH00035,TR0065,RT0076,2024-07-07,14:00:00,20:12:00,Delayed,EMP0473,333
SCH00036,TR0197,RT0110,2024-02-24,22:30:00,08:24:00,On Time,EMP0400,125
SCH00037,TR0071,RT0016,2024-03-07,12:45:00,22:51:00,On Time,EMP0031,314
SCH00038,TR0068,RT0046,2023-11-18,14:00:00,13:48:00,On Time,EMP0476,255
SCH00039,TR0157,RT0101,2024-05-31,05:45:00,14:45:00,On Time,EMP0277,837
SCH00040,TR0111,RT0056,2023-02-25,19:00:00,05:48:00,Completed,EMP0367,315
SCH00041,TR0027,RT0009,2024-04-29,02:00:00,11:18:00,Delayed,EMP0129,845
SCH00042,TR0115,RT0005,2024-01-16,15:15:00,00:33:00,Delayed,EMP0001,88
SCH00043,TR0171,RT0100,2024-09-13,08:15:00,04:39:00,Delayed,EMP0464,450
SCH00044,TR0148,RT0001,2023-04-08,16:45:00,01:27:00,On Time,EMP0207,914
SCH00045,TR0187,RT0018,2024-06-15,17:15:00,23:09:00,On Time,EMP0489,755
SCH00046,TR0200,RT0124,2023-01-31,03:30:00,07:00:00,On Time,EMP0156,460
SCH00047,TR0015,RT0024,2024-08-02,11:30:00,21:30:00,On Time,EMP0236,828
SCH00048,TR0197,RT0075,2024-03-12,20:15:00,21:39:00,On Time,EMP0021,443
SCH00049,TR0170,RT0049,2023-09-25,09:45:00,08:09:00,Completed,EMP0323,755
SCH00050,TR0092,RT0125,2024-04-04,02:45:00,09:27:00,Delayed,EMP0072,86
SCH00051,TR0050,RT0007,2023-08-17,23:15:00,07:39:00,On Time,EMP0033,861
SCH00052,TR0139,RT0079,2023-07-15,15:45:00,01:51:00,Completed,EMP0009,87
SCH00053,TR0087,RT0015,2023-05-03,10:00:00,11:12:00,On Time,EMP0109,876
SCH00054,TR0168,RT0134,2024-01-30,14:15:00,04:27:00,Delayed,EMP0120,997
SCH00055,TR0019,RT0010,2023-02-04,23:15:00,03:45:00,On Time,EMP0010,532
SCH00056,TR0159,RT0012,2024-08-04,07:15:00,12:09:00,On Time,EMP0324,101
SCH00057,TR0079,RT0025,2023-11-25,14:15:00,02:57:00,Cancelled,EMP0033,887
SCH00058,TR0028,RT0030,2024-12-19,15:15:00,12:03:00,On Time,EMP0104,486
SCH00059,TR0087,RT0103,2023-02-09,10:00:00,07:48:00,Completed,EMP0295,608
SCH00060,TR0036,RT0083,2023-02-24,06:00:00,21:48:00,Delayed,EMP0172,114
SCH00061,TR0031,RT0071,2023-10-04,04:45:00,18:15:00,On Time,EMP0190,616
SCH00062,TR0043,RT0113,2023-03-21,07:00:00,06:42:00,On Time,EMP0406,917
SCH00063,TR0162,RT0097,2023-01-31,05:00:00,09:24:00,Completed,EMP0042,56
SCH00064,TR0002,RT0046,2023-10-27,02:30:00,02:18:00,On Time,EMP0414,861
SCH00065,TR0198,RT0122,2024-05-10,22:15:00,11:03:00,On Time,EMP0328,327
SCH00066,TR0134,RT0116,2024-10-29,13:15:00,07:03:00,Completed,EMP0313,758
SCH00067,TR0010,RT0047,2023-11-01,22:45:00,07:33:00,Delayed,EMP0046,692
SCH00068,TR0078,RT0090,2024-10-03,13:00:00,09:06:00,Delayed,EMP0099,170
SCH00069,TR0136,RT0025,2023-11-13,19:30:00,08:12:00,Completed,EMP0277,569
SCH00070,TR0057,RT0119,2023-05-14,20:15:00,20:51:00,On Time,EMP0100,165
SCH00071,TR0039,RT0122,2024-09-20,15:15:00,04:03:00,On Time,EMP0473,94
SCH00072,TR0014,RT0094,2023-01-01,09:15:00,06:39:00,On Time,EMP0172,681
SCH00073,TR0195,RT0117,2024-06-20,01:00:00,16:36:00,Delayed,EMP0474,600
SCH00074,TR0046,RT0041,2023-05-01,00:45:00,14:45:00,On Time,EMP0037,966
SCH00075,TR0061,RT0114,2024-09-22,18:30:00,06:00:00,On Time,EMP0383,743
SCH00076,TR0084,RT0059,2024-01-20,03:30:00,02:24:00,On Time,EMP0122,805
SCH00077,TR0106,RT0052,2024-03-17,12:15:00,02:33:00,On Time,EMP0300,546
SCH00078,TR0014,RT0112,2024-12-29,04:15:00,06:33:00,Completed,EMP0233,232
SCH00079,TR0100,RT0096,2023-07-29,04:45:00,16:33:00,Delayed,EMP0324,417
SCH00080,TR0070,RT0052,2023-12-20,10:15:00,00:33:00,On Time,EMP0292,111
SCH00081,TR0072,RT0035,2024-02-01,03:45:00,08:33:00,On Time,EMP0088,828
SCH00082,TR0088,RT0057,2023-02-13,09:15:00,14:09:00,Delayed,EMP0327,676
SCH00083,TR0044,RT0148,2023-10-03,17:15:00,21:27:00,On Time,EMP0439,584
SCH00084,TR0126,RT0056,2023-08-14,18:45:00,05:33:00,Cancelled,EMP0143,64
SCH00085,TR0187,RT0110,2023-07-11,23:15:00,09:09:00,On Time,EMP0223,643
SCH00086,TR0057,RT0039,2024-04-10,18:00:00,02:42:00,On Time,EMP0023,91
SCH00087,TR0121,RT0130,2023-05-16,01:45:00,10:39:00,On Time,EMP0246,879
SCH00088,TR0179,RT0026,2024-08-15,14:45:00,01:45:00,On Time,EMP0286,821
SCH00089,TR0004,RT0105,2023-06-02,06:15:00,21:03:00,On Time,EMP0123,713
SCH00090,TR0024,RT0005,2023-09-19,15:30:00,00:48:00,On Time,EMP0236,928
SCH00091,TR0147,RT0150,2024-08-28,00:45:00,13:03:00,On Time,EMP0071,945
SCH00092,TR0181,RT0104,2024-11-24,05:30:00,06:48:00,Delayed,EMP0361,698
SCH00093,TR0001,RT0019,2024-12-27,12:30:00,11:42:00,On Time,EMP0152,486
SCH00094,TR0193,RT0070,2024-01-11,22:15:00,14:27:00,Delayed,EMP0042,685
SCH00095,TR0086,RT0015,2023-02-07,16:30:00,17:42:00,Completed,EMP0057,442
SCH00096,TR0094,RT0120,2023-09-01,19:00:00,23:06:00,On Time,EMP0090,713
SCH00097,TR0144,RT0018,2023-11-06,17:15:00,23:09:00,On Time,EMP0172,294
SCH00098,TR0139,RT0030,2024-12-06,20:45:00,17:33:00,Delayed,EMP0386,644
SCH00099,TR0180,RT0054,2023-11-25,23:15:00,02:21:00,On Time,EMP0460,323
SCH00100,TR0129,RT0109,2024-06-22,08:00:00,13:42:00,On Time,EMP0177,513
SCH00101,TR0125,RT0129,2023-09-27,16:00:00,11:00:00,On Time,EMP0273,744
SCH00102,TR0137,RT0075,2023-06-18,14:30:00,15:54:00,Delayed,EMP0485,759
SCH00103,TR0017,RT0049,2024-10-16,14:00:00,12:24:00,On Time,EMP0460,233
SCH00104,TR0074,RT0020,2024-07-08,03:15:00,05:27:00,On Time,EMP0357,201
SCH00105,TR0128,RT0039,2023-12-05,06:00:00,14:42:00,On Time,EMP0497,748
SCH00106,TR0139,RT0034,2023-07-02,15:30:00,11:54:00,On Time,EMP0378,710
SCH00107,TR0006,RT0075,2024-09-16,06:00:00,07:24:00,On Time,EMP0411,287
SCH00108,TR0134,RT0086,2023-09-01,13:30:00,04:30:00,Delayed,EMP0403,384
SCH00109,TR0125,RT0136,2024-10-13,17:45:00,16:27:00,On Time,EMP0291,185
SCH00110,TR0079,RT0044,2024-11-15,08:15:00,09:33:00,On Time,EMP0498,345
SCH00111,TR0198,RT0013,2024-06-27,04:30:00,08:54:00,On Time,EMP0490,220
SCH00112,TR0159,RT0042,2024-03-06,22:30:00,04:24:00,On Time,EMP0090,909
SCH00113,TR0182,RT0040,2023-12-06,05:15:00,11:21:00,On Time,EMP0163,638
SCH00114,TR0033,RT0113,2023-09-14,08:30:00,08:12:00,On Time,EMP0288,774
SCH00115,TR0009,RT0082,2024-06-28,11:15:00,12:27:00,On Time,EMP0277,216
SCH00116,TR0137,RT0078,2024-11-06,03:00:00,02:24:00,On Time,EMP0256,836
SCH00117,TR0038,RT0118,2024-08-17,10:15:00,21:03:00,On Time,EMP0379,609
SCH00118,TR0130,RT0085,2024-03-08,20:30:00,04:24:00,On Time,EMP0149,822
SCH00119,TR0147,RT0038,2023-01-27,18:45:00,17:39:00,On Time,EMP0058,799
SCH00120,TR0123,RT0011,2023-12-06,04:00:00,08:06:00,On Time,EMP0206,682
SCH00121,TR0057,RT0115,2023-02-01,11:00:00,01:06:00,On Time,EMP0312,706
SCH00122,TR0050,RT0150,2024-04-22,16:15:00,04:33:00,Delayed,EMP0393,334
SCH00123,TR0051,RT0006,2023-04-29,02:45:00,10:39:00,Delayed,EMP0491,139
SCH00124,TR0132,RT0101,2024-03-08,06:45:00,15:45:00,On Time,EMP0310,573
SCH00125,TR0015,RT0093,2024-05-28,12:15:00,20:21:00,Delayed,EMP0219,428
SCH00126,TR0099,RT0096,2023-01-03,00:30:00,12:18:00,On Time,EMP0158,506
SCH00127,TR0144,RT0023,2024-02-20,06:45:00,20:03:00,Delayed,EMP0213,872
SCH00128,TR0114,RT0074,2023-07-23,05:45:00,13:15:00,Delayed,EMP0213,192
SCH00129,TR0151,RT0023,2024-10-12,04:15:00,17:33:00,On Time,EMP0445,587
SCH00130,TR0086,RT0017,2024-03-26,18:45:00,22:09:00,On Time,EMP0210,704
SCH00131,TR0070,RT0107,2024-05-14,05:45:00,22:33:00,Delayed,EMP0387,986
SCH00132,TR0036,RT0052,2023-10-01,05:45:00,20:03:00,On Time,EMP0252,93
SCH00133,TR0078,RT0150,2024-06-15,09:45:00,22:03:00,Delayed,EMP0238,279
SCH00134,TR0007,RT0001,2024-07-28,04:30:00,13:12:00,On Time,EMP0328,904
SCH00135,TR0163,RT0121,2023-05-12,03:30:00,00:24:00,On Time,EMP0252,978
SCH00136,TR0177,RT0063,2024-03-23,00:00:00,09:48:00,Delayed,EMP0253,118
SCH00137,TR0154,RT0093,2023-07-20,18:45:00,02:51:00,Delayed,EMP0445,314
SCH00138,TR0161,RT0122,2023-05-13,22:00:00,10:48:00,On Time,EMP0376,639
SCH00139,TR0005,RT0067,2024-09-23,05:00:00,22:30:00,On Time,EMP0237,949
SCH00140,TR0178,RT0035,2024-12-30,11:15:00,16:03:00,On Time,EMP0185,479
SCH00141,TR0163,RT0092,2023-12-23,01:30:00,14:42:00,On Time,EMP0328,128
SCH00142,TR0132,RT0050,2023-05-15,20:15:00,16:27:00,Delayed,EMP0307,820
SCH00143,TR0043,RT0140,2024-01-18,10:30:00,17:54:00,Cancelled,EMP0351,869
SCH00144,TR0078,RT0070,2023-04-28,21:30:00,13:42:00,On Time,EMP0297,410
SCH00145,TR0037,RT0004,2023-01-27,04:30:00,17:00:00,On Time,EMP0249,471
SCH00146,TR0088,RT0042,2024-07-26,03:15:00,09:09:00,On Time,EMP0114,901
SCH00147,TR0049,RT0144,2024-03-15,19:00:00,23:54:00,On Time,EMP0470,128
SCH00148,TR0030,RT0034,2024-03-15,00:45:00,21:09:00,On Time,EMP0354,421
SCH00149,TR0036,RT0114,2024-01-08,19:30:00,07:00:00,On Time,EMP0156,79
SCH00150,TR0191,RT0031,2024-01-02,07:15:00,01:21:00,Completed,EMP0073,754
SCH00151,TR0059,RT0079,2024-05-29,04:15:00,14:21:00,On Time,EMP0041,485
SCH00152,TR0177,RT0029,2023-10-25,02:00:00,20:24:00,Delayed,EMP0388,491
SCH00153,TR0011,RT0051,2023-07-29,03:00:00,11:06:00,Delayed,EMP0263,657
SCH00154,TR0016,RT0121,2024-10-31,03:30:00,00:24:00,On Time,EMP0155,733
SCH00155,TR0003,RT0025,2023-07-10,03:15:00,15:57:00,Delayed,EMP0103,239
SCH00156,TR0172,RT0090,2024-05-25,00:00:00,20:06:00,On Time,EMP0383,334
SCH00157,TR0149,RT0090,2023-10-27,11:15:00,07:21:00,Completed,EMP0400,796
SCH00158,TR0157,RT0062,2024-04-10,16:00:00,23:42:00,On Time,EMP0297,831
SCH00159,TR0004,RT0136,2023-03-05,06:15:00,04:57:00,Completed,EMP0088,973
SCH00160,TR0194,RT0138,2023-06-04,00:00:00,13:42:00,Completed,EMP0472,566
SCH00161,TR0182,RT0122,2023-10-25,11:15:00,00:03:00,On Time,EMP0491,159
SCH00162,TR0047,RT0091,2023-06-10,12:45:00,21:15:00,On Time,EMP0117,467
SCH00163,TR0029,RT0081,2024-10-24,03:45:00,12:57:00,On Time,EMP0070,557
SCH00164,TR0196,RT0093,2023-11-30,22:30:00,06:36:00,Delayed,EMP0021,134
SCH00165,TR0084,RT0127,2024-12-20,03:45:00,13:57:00,On Time,EMP0308,803
SCH00166,TR0080,RT0114,2023-04-23,07:45:00,19:15:00,On Time,EMP0438,488
SCH00167,TR0049,RT0018,2023-06-08,15:30:00,21:24:00,On Time,EMP0346,553
SCH00168,TR0173,RT0027,2023-07-07,12:45:00,16:21:00,On Time,EMP0347,137
SCH00169,TR0031,RT0037,2024-07-14,12:45:00,16:21:00,Delayed,EMP0053,809
SCH00170,TR0044,RT0017,2023-09-24,11:15:00,14:39:00,On Time,EMP0305,914
SCH00171,TR0104,RT0032,2023-01-15,07:45:00,07:15:00,Delayed,EMP0143,833
SCH00172,TR0183,RT0149,2023-04-25,18:30:00,22:36:00,Delayed,EMP0411,709
SCH00173,TR0103,RT0092,2024-04-29,15:45:00,04:57:00,Completed,EMP0262,335
SCH00174,TR0038,RT0117,2023-03-13,03:00:00,18:36:00,On Time,EMP0255,286
SCH00175,TR0161,RT0035,2023-03-22,00:00:00,04:48:00,Delayed,EMP0426,119
SCH00176,TR0128,RT0007,2024-11-15,05:45:00,14:09:00,Delayed,EMP0168,206
SCH00177,TR0078,RT0025,2023-06-17,02:45:00,15:27:00,Delayed,EMP0104,350
SCH00178,TR0170,RT0128,2023-11-18,15:30:00,20:54:00,On Time,EMP0415,930
SCH00179,TR0139,RT0140,2023-03-04,00:00:00,07:24:00,Completed,EMP0451,986
SCH00180,TR0031,RT0099,2023-09-09,14:30:00,18:30:00,Completed,EMP0227,520
SCH00181,TR0010,RT0009,2023-09-25,05:30:00,14:48:00,Completed,EMP0085,553
SCH00182,TR0111,RT0035,2024-10-04,09:45:00,14:33:00,On Time,EMP0057,632
SCH00183,TR0173,RT0126,2024-07-26,21:45:00,22:57:00,On Time,EMP0438,210
SCH00184,TR0130,RT0015,2023-05-29,12:30:00,13:42:00,On Time,EMP0498,436
SCH00185,TR0158,RT0091,2024-07-27,09:30:00,18:00:00,On Time,EMP0303,96
SCH00186,TR0033,RT0094,2023-04-08,11:00:00,08:24:00,Delayed,EMP0321,399
SCH00187,TR0098,RT0025,2023-04-27,13:30:00,02:12:00,Completed,EMP0211,409
SCH00188,TR0015,RT0063,2024-12-14,07:15:00,17:03:00,Delayed,EMP0304,136
SCH00189,TR0177,RT0017,2023-01-06,09:00:00,12:24:00,On Time,EMP0011,601
SCH00190,TR0084,RT0010,2023-04-16,14:45:00,19:15:00,Delayed,EMP0462,481
SCH00191,TR0069,RT0006,2023-04-01,22:45:00,06:39:00,Delayed,EMP0163,436
SCH00192,TR0147,RT0100,2024-09-17,10:00:00,06:24:00,Cancelled,EMP0052,757
SCH00193,TR0173,RT0053,2024-02-15,10:45:00,05:15:00,On Time,EMP0392,733
SCH00194,TR0087,RT0043,2023-07-03,19:30:00,22:06:00,On Time,EMP0224,256
SCH00195,TR0128,RT0020,2024-07-18,17:15:00,19:27:00,On Time,EMP0025,354
SCH00196,TR0147,RT0103,2024-12-25,07:00:00,04:48:00,Delayed,EMP0297,147
SCH00197,TR0152,RT0087,2024-03-22,08:00:00,00:54:00,Delayed,EMP0272,536
SCH00198,TR0110,RT0054,2024-04-13,11:00:00,14:06:00,Delayed,EMP0155,566
SCH00199,TR0077,RT0111,2023-11-25,21:30:00,15:18:00,On Time,EMP0206,307
SCH00200,TR0160,RT0132,2024-04-14,14:15:00,18:57:00,Completed,EMP0322,770
SCH00201,TR0133,RT0048,2023-03-20,18:45:00,11:51:00,On Time,EMP0493,893
SCH00202,TR0191,RT0120,2024-02-10,08:45:00,12:51:00,Completed,EMP0373,691
SCH00203,TR0016,RT0134,2024-05-26,06:30:00,20:42:00,On Time,EMP0124,204
SCH00204,TR0192,RT0077,2024-03-02,13:45:00,19:51:00,On Time,EMP0426,983
SCH00205,TR0017,RT0053,2024-05-03,13:30:00,08:00:00,Cancelled,EMP0331,214
SCH00206,TR0066,RT0061,2024-08-03,12:15:00,17:33:00,On Time,EMP0099,78
SCH00207,TR0063,RT0080,2024-03-31,14:45:00,13:57:00,Delayed,EMP0224,482
SCH00208,TR0166,RT0010,2023-09-18,06:15:00,10:45:00,On Time,EMP0015,314
SCH00209,TR0072,RT0141,2023-06-05,05:00:00,11:48:00,Completed,EMP0249,851
SCH00210,TR0006,RT0015,2024-03-25,02:30:00,03:42:00,Delayed,EMP0444,115
SCH00211,TR0105,RT0094,2024-04-22,21:00:00,18:24:00,On Time,EMP0430,791
SCH00212,TR0036,RT0061,2024-03-21,03:00:00,08:18:00,On Time,EMP0425,644
SCH00213,TR0199,RT0135,2023-08-10,08:45:00,18:27:00,Completed,EMP0122,664
SCH00214,TR0032,RT0081,2023-08-25,10:45:00,19:57:00,Cancelled,EMP0381,291
SCH00215,TR0109,RT0056,2024-04-03,04:00:00,14:48:00,On Time,EMP0497,331
SCH00216,TR0113,RT0105,2024-09-25,08:00:00,22:48:00,On Time,EMP0192,766
SCH00217,TR0029,RT0082,2023-08-29,17:45:00,18:57:00,On Time,EMP0127,334
SCH00218,TR0038,RT0093,2024-12-19,15:30:00,23:36:00,Cancelled,EMP0011,710
SCH00219,TR0156,RT0009,2024-05-16,23:00:00,08:18:00,Delayed,EMP0404,737
SCH00220,TR0062,RT0065,2023-09-18,17:45:00,07:09:00,On Time,EMP0491,767
SCH00221,TR0093,RT0032,2024-08-27,17:15:00,16:45:00,Completed,EMP0199,58
SCH00222,TR0101,RT0066,2024-03-30,09:00:00,20:24:00,Completed,EMP0388,291
SCH00223,TR0077,RT0054,2023-02-26,05:45:00,08:51:00,Delayed,EMP0451,881
SCH00224,TR0197,RT0105,2024-03-29,01:30:00,16:18:00,Completed,EMP0422,848
SCH00225,TR0126,RT0121,2024-08-15,23:45:00,20:39:00,Completed,EMP0171,784
SCH00226,TR0109,RT0026,2024-05-21,05:30:00,16:30:00,On Time,EMP0181,480
SCH00227,TR0155,RT0141,2023-01-26,23:30:00,06:18:00,On Time,EMP0015,830
SCH00228,TR0014,RT0048,2024-08-27,20:45:00,13:51:00,Delayed,EMP0070,53
SCH00229,TR0103,RT0052,2024-08-23,20:30:00,10:48:00,On Time,EMP0043,163
SCH00230,TR0041,RT0064,2023-05-18,16:15:00,07:45:00,Cancelled,EMP0352,470
SCH00231,TR0082,RT0116,2024-03-03,15:15:00,09:03:00,On Time,EMP0352,657
SCH00232,TR0084,RT0073,2024-10-01,06:00:00,08:48:00,On Time,EMP0094,452
SCH00233,TR0097,RT0147,2024-07-15,07:00:00,17:36:00,Completed,EMP0473,621
SCH00234,TR0166,RT0059,2023-05-29,02:45:00,01:39:00,On Time,EMP0360,922
SCH00235,TR0044,RT0013,2023-12-13,12:45:00,17:09:00,Delayed,EMP0077,141
SCH00236,TR0095,RT0044,2024-01-29,18:00:00,19:18:00,On Time,EMP0270,495
SCH00237,TR0198,RT0117,2023-01-28,21:45:00,13:21:00,On Time,EMP0366,258
SCH00238,TR0049,RT0069,2024-10-04,09:45:00,16:45:00,On Time,EMP0221,926
SCH00239,TR0053,RT0056,2024-01-07,09:15:00,20:03:00,On Time,EMP0210,861
SCH00240,TR0038,RT0008,2024-05-10,09:30:00,17:12:00,On Time,EMP0231,979
SCH00241,TR0064,RT0095,2023-08-07,18:45:00,21:51:00,On Time,EMP0241,186
SCH00242,TR0083,RT0102,2024-11-11,21:15:00,21:39:00,Delayed,EMP0363,483
SCH00243,TR0189,RT0066,2024-02-15,02:00:00,13:24:00,Delayed,EMP0027,390
SCH00244,TR0061,RT0121,2024-10-20,11:00:00,07:54:00,On Time,EMP0259,684
SCH00245,TR0098,RT0078,2023-03-12,12:30:00,11:54:00,On Time,EMP0457,622
SCH00246,TR0011,RT0149,2024-07-23,05:30:00,09:36:00,On Time,EMP0253,397
SCH00247,TR0120,RT0034,2023-05-08,02:30:00,22:54:00,Delayed,EMP0222,195
SCH00248,TR0067,RT0030,2024-04-13,10:00:00,06:48:00,Completed,EMP0256,942
SCH00249,TR0072,RT0093,2023-11-04,13:30:00,21:36:00,Completed,EMP0135,677
SCH00250,TR0195,RT0068,2024-04-02,16:30:00,02:18:00,On Time,EMP0085,373
SCH00251,TR0189,RT0126,2024-06-07,04:45:00,05:57:00,On Time,EMP0077,105
SCH00252,TR0059,RT0047,2023-05-16,01:45:00,10:33:00,On Time,EMP0362,528
SCH00253,TR0112,RT0030,2024-12-06,15:00:00,11:48:00,On Time,EMP0364,624
SCH00254,TR0125,RT0118,2024-03-23,15:00:00,01:48:00,Cancelled,EMP0444,201
SCH00255,TR0032,RT0090,2023-10-05,02:15:00,22:21:00,Completed,EMP0093,904
SCH00256,TR0044,RT0131,2024-10-03,08:15:00,00:15:00,Delayed,EMP0498,54
SCH00257,TR0135,RT0147,2024-06-30,05:45:00,16:21:00,Completed,EMP0127,836
SCH00258,TR0128,RT0025,2023-07-13,10:00:00,22:42:00,On Time,EMP0349,174
SCH00259,TR0101,RT0096,2023-05-06,18:00:00,05:48:00,Cancelled,EMP0079,79
SCH00260,TR0021,RT0118,2024-10-08,22:45:00,09:33:00,On Time,EMP0490,325
SCH00261,TR0153,RT0002,2024-06-18,10:00:00,06:06:00,Delayed,EMP0487,513
SCH00262,TR0084,RT0146,2024-01-10,04:15:00,15:03:00,Completed,EMP0411,709
SCH00263,TR0073,RT0083,2024-08-07,01:00:00,16:48:00,On Time,EMP0309,440
SCH00264,TR0024,RT0103,2024-10-29,08:15:00,06:03:00,On Time,EMP0395,936
SCH00265,TR0103,RT0023,2023-01-31,00:15:00,13:33:00,On Time,EMP0400,462
SCH00266,TR0073,RT0040,2023-11-06,03:30:00,09:36:00,On Time,EMP0222,803
SCH00267,TR0080,RT0034,2024-06-09,11:00:00,07:24:00,Cancelled,EMP0263,254
SCH00268,TR0126,RT0115,2024-10-21,12:45:00,02:51:00,On Time,EMP0308,483
SCH00269,TR0024,RT0109,2024-04-22,11:15:00,16:57:00,On Time,EMP0219,145
SCH00270,TR0011,RT0132,2024-06-13,10:45:00,15:27:00,Delayed,EMP0332,752
SCH00271,TR0183,RT0040,2023-10-02,15:00:00,21:06:00,On Time,EMP0224,131
SCH00272,TR0123,RT0077,2023-01-16,04:15:00,10:21:00,Delayed,EMP0154,911
SCH00273,TR0064,RT0134,2023-02-18,13:30:00,03:42:00,Delayed,EMP0283,128
SCH00274,TR0012,RT0132,2023-10-08,03:45:00,08:27:00,On Time,EMP0238,726
SCH00275,TR0185,RT0146,2024-05-09,08:30:00,19:18:00,On Time,EMP0042,837
SCH00276,TR0129,RT0005,2023-04-02,03:45:00,13:03:00,On Time,EMP0094,913
SCH00277,TR0101,RT0012,2023-01-06,02:45:00,07:39:00,Completed,EMP0153,371
SCH00278,TR0151,RT0117,2024-06-13,21:45:00,13:21:00,Delayed,EMP0136,399
SCH00279,TR0048,RT0055,2023-02-22,05:00:00,00:48:00,Delayed,EMP0310,315
SCH00280,TR0173,RT0028,2023-08-29,13:00:00,16:54:00,On Time,EMP0060,63
SCH00281,TR0044,RT0123,2024-12-03,14:45:00,18:03:00,Completed,EMP0495,812
SCH00282,TR0155,RT0125,2024-09-20,09:30:00,16:12:00,Delayed,EMP0494,756
SCH00283,TR0173,RT0102,2023-09-04,09:00:00,09:24:00,On Time,EMP0008,245
SCH00284,TR0029,RT0005,2023-03-06,22:15:00,07:33:00,Completed,EMP0108,542
SCH00285,TR0167,RT0038,2024-03-24,20:15:00,19:09:00,On Time,EMP0321,928
SCH00286,TR0138,RT0049,2024-10-01,02:30:00,00:54:00,Delayed,EMP0076,535
SCH00287,TR0109,RT0006,2023-09-23,03:15:00,11:09:00,Completed,EMP0379,769
SCH00288,TR0114,RT0125,2023-11-13,15:00:00,21:42:00,Completed,EMP0300,298
SCH00289,TR0052,RT0076,2024-02-11,18:45:00,00:57:00,On Time,EMP0005,155
SCH00290,TR0162,RT0111,2023-08-21,13:45:00,07:33:00,Delayed,EMP0306,798
SCH00291,TR0142,RT0075,2024-11-12,01:45:00,03:09:00,On Time,EMP0263,655
SCH00292,TR0186,RT0125,2024-05-13,07:00:00,13:42:00,On Time,EMP0217,640
SCH00293,TR0081,RT0142,2023-05-31,02:30:00,11:48:00,Completed,EMP0214,960
SCH00294,TR0122,RT0030,2024-09-03,15:30:00,12:18:00,On Time,EMP0224,71
SCH00295,TR0042,RT0074,2024-05-31,23:15:00,06:45:00,On Time,EMP0225,287
SCH00296,TR0130,RT0057,2023-12-13,18:30:00,23:24:00,Completed,EMP0437,912
SCH00297,TR0184,RT0120,2023-06-01,04:30:00,08:36:00,Delayed,EMP0200,476
SCH00298,TR0173,RT0093,2023-07-20,15:15:00,23:21:00,Delayed,EMP0145,757
SCH00299,TR0192,RT0023,2024-10-04,21:45:00,11:03:00,On Time,EMP0103,210
SCH00300,TR0156,RT0126,2024-08-19,03:45:00,04:57:00,Completed,EMP0253,360
SCH00301,TR0061,RT0054,2023-08-18,17:00:00,20:06:00,Completed,EMP0184,952
SCH00302,TR0067,RT0092,2024-06-23,21:15:00,10:27:00,On Time,EMP0441,965
SCH00303,TR0129,RT0009,2023-03-24,02:30:00,11:48:00,On Time,EMP0317,282
SCH00304,TR0031,RT0144,2023-11-29,07:45:00,12:39:00,On Time,EMP0175,853
SCH00305,TR0091,RT0012,2023-08-23,17:30:00,22:24:00,Completed,EMP0437,756
SCH00306,TR0132,RT0027,2024-11-25,22:00:00,01:36:00,Completed,EMP0225,868
SCH00307,TR0118,RT0029,2024-03-02,03:00:00,21:24:00,Cancelled,EMP0022,569
SCH00308,TR0027,RT0043,2024-06-17,20:00:00,22:36:00,Completed,EMP0467,420
SCH00309,TR0041,RT0075,2023-09-06,22:45:00,00:09:00,Delayed,EMP0256,800
SCH00310,TR0026,RT0040,2023-03-14,20:30:00,02:36:00,On Time,EMP0071,175
SCH00311,TR0052,RT0113,2024-08-18,13:00:00,12:42:00,On Time,EMP0415,535
SCH00312,TR0088,RT0074,2024-11-10,16:15:00,23:45:00,On Time,EMP0191,782
SCH00313,TR0194,RT0107,2024-07-31,11:15:00,04:03:00,On Time,EMP0386,592
SCH00314,TR0108,RT0059,2023-05-25,04:45:00,03:39:00,On Time,EMP0210,969
SCH00315,TR0118,RT0133,2023-02-15,21:30:00,07:06:00,Completed,EMP0227,199
SCH00316,TR0198,RT0003,2024-05-01,22:00:00,03:36:00,On Time,EMP0162,461
SCH00317,TR0198,RT0043,2023-03-28,13:00:00,15:36:00,On Time,EMP0019,726
SCH00318,TR0165,RT0039,2023-01-19,18:00:00,02:42:00,Completed,EMP0366,868
SCH00319,TR0170,RT0134,2023-10-20,09:45:00,23:57:00,On Time,EMP0349,767
SCH00320,TR0142,RT0078,2023-04-28,23:30:00,22:54:00,Completed,EMP0005,896
SCH00321,TR0072,RT0136,2023-02-27,19:15:00,17:57:00,Delayed,EMP0229,709
SCH00322,TR0053,RT0140,2023-02-21,19:45:00,03:09:00,Delayed,EMP0455,881
SCH00323,TR0167,RT0104,2024-11-26,06:30:00,07:48:00,On Time,EMP0276,392
SCH00324,TR0100,RT0033,2023-11-24,16:30:00,12:42:00,On Time,EMP0262,615
SCH00325,TR0080,RT0134,2024-05-22,10:15:00,00:27:00,On Time,EMP0456,865
SCH00326,TR0139,RT0067,2023-02-20,07:30:00,01:00:00,Delayed,EMP0259,163
SCH00327,TR0188,RT0016,2023-10-04,11:30:00,21:36:00,Delayed,EMP0182,176
SCH00328,TR0013,RT0032,2024-03-01,14:30:00,14:00:00,Delayed,EMP0003,514
SCH00329,TR0087,RT0061,2024-03-16,23:15:00,04:33:00,On Time,EMP0146,732
SCH00330,TR0184,RT0147,2024-01-22,21:15:00,07:51:00,Delayed,EMP0267,805
SCH00331,TR0064,RT0027,2024-11-10,10:15:00,13:51:00,Cancelled,EMP0185,515
SCH00332,TR0026,RT0038,2024-04-17,22:45:00,21:39:00,Cancelled,EMP0042,144
SCH00333,TR0016,RT0109,2024-10-01,04:45:00,10:27:00,On Time,EMP0040,428
SCH00334,TR0174,RT0135,2023-09-23,12:45:00,22:27:00,Completed,EMP0300,560
SCH00335,TR0163,RT0109,2023-07-29,14:45:00,20:27:00,Delayed,EMP0214,893
SCH00336,TR0042,RT0037,2023-01-20,16:15:00,19:51:00,On Time,EMP0235,182
SCH00337,TR0181,RT0132,2023-06-03,16:00:00,20:42:00,Delayed,EMP0234,534
SCH00338,TR0009,RT0041,2024-09-01,17:30:00,07:30:00,Completed,EMP0061,666
SCH00339,TR0105,RT0029,2023-12-10,03:30:00,21:54:00,Delayed,EMP0021,585
SCH00340,TR0040,RT0031,2024-03-01,11:30:00,05:36:00,Completed,EMP0156,351
SCH00341,TR0125,RT0008,2023-12-16,04:15:00,11:57:00,Delayed,EMP0216,99
SCH00342,TR0079,RT0073,2023-06-17,06:15:00,09:03:00,Cancelled,EMP0251,52
SCH00343,TR0032,RT0141,2024-01-02,11:00:00,17:48:00,Completed,EMP0214,542
SCH00344,TR0147,RT0080,2023-12-28,18:45:00,17:57:00,Completed,EMP0401,436
SCH00345,TR0122,RT0034,2023-12-19,04:45:00,01:09:00,Delayed,EMP0342,509
SCH00346,TR0039,RT0084,2023-10-21,02:45:00,05:39:00,On Time,EMP0461,454
SCH00347,TR0087,RT0139,2023-05-22,01:45:00,18:15:00,Delayed,EMP0331,140
SCH00348,TR0043,RT0007,2024-10-06,18:30:00,02:54:00,Delayed,EMP0064,709
SCH00349,TR0144,RT0022,2023-11-30,06:00:00,04:48:00,Completed,EMP0268,243
SCH00350,TR0193,RT0122,2024-10-10,16:00:00,04:48:00,On Time,EMP0480,594
SCH00351,TR0047,RT0005,2023-04-06,08:15:00,17:33:00,On Time,EMP0362,909
SCH00352,TR0149,RT0114,2023-07-26,02:30:00,14:00:00,On Time,EMP0024,553
SCH00353,TR0006,RT0088,2023-03-13,13:15:00,11:57:00,On Time,EMP0441,590
SCH00354,TR0082,RT0098,2023-02-16,08:00:00,21:18:00,On Time,EMP0051,604
SCH00355,TR0044,RT0074,2024-03-28,04:15:00,11:45:00,On Time,EMP0046,207
SCH00356,TR0079,RT0105,2024-09-09,21:15:00,12:03:00,On Time,EMP0493,383
SCH00357,TR0047,RT0007,2023-07-23,22:00:00,06:24:00,On Time,EMP0051,377
SCH00358,TR0037,RT0106,2024-05-06,10:30:00,04:54:00,On Time,EMP0424,971
SCH00359,TR0031,RT0014,2023-06-10,06:15:00,13:33:00,Delayed,EMP0301,292
SCH00360,TR0127,RT0131,2023-12-14,16:45:00,08:45:00,Completed,EMP0138,112
SCH00361,TR0082,RT0119,2024-03-11,17:45:00,18:21:00,On Time,EMP0015,467
SCH00362,TR0163,RT0060,2023-01-02,00:30:00,07:48:00,Delayed,EMP0301,741
SCH00363,TR0026,RT0064,2024-12-17,17:15:00,08:45:00,On Time,EMP0209,506
SCH00364,TR0022,RT0129,2023-06-01,06:15:00,01:15:00,On Time,EMP0087,850
SCH00365,TR0063,RT0138,2023-07-27,13:45:00,03:27:00,On Time,EMP0417,525
SCH00366,TR0159,RT0075,2023-11-23,20:15:00,21:39:00,On Time,EMP0478,993
SCH00367,TR0124,RT0070,2024-11-16,19:30:00,11:42:00,Cancelled,EMP0195,409
SCH00368,TR0162,RT0055,2023-08-21,18:30:00,14:18:00,On Time,EMP0379,596
SCH00369,TR0145,RT0018,2024-01-06,09:00:00,14:54:00,On Time,EMP0063,900
SCH00370,TR0036,RT0143,2023-11-29,08:45:00,07:15:00,On Time,EMP0259,871
SCH00371,TR0082,RT0088,2023-06-11,20:30:00,19:12:00,Completed,EMP0363,513
SCH00372,TR0070,RT0063,2023-08-14,21:30:00,07:18:00,On Time,EMP0236,663
SCH00373,TR0085,RT0005,2024-06-25,22:15:00,07:33:00,Delayed,EMP0002,673
SCH00374,TR0122,RT0002,2024-02-24,00:15:00,20:21:00,On Time,EMP0459,763
SCH00375,TR0181,RT0126,2023-07-13,12:00:00,13:12:00,Delayed,EMP0333,716
SCH00376,TR0020,RT0138,2023-09-08,00:45:00,14:27:00,Delayed,EMP0181,882
SCH00377,TR0097,RT0092,2024-11-30,12:15:00,01:27:00,Cancelled,EMP0416,763
SCH00378,TR0003,RT0032,2024-05-26,14:30:00,14:00:00,Completed,EMP0228,59
SCH00379,TR0057,RT0006,2023-03-24,08:30:00,16:24:00,On Time,EMP0418,678
SCH00380,TR0161,RT0078,2024-06-09,22:15:00,21:39:00,On Time,EMP0253,421
SCH00381,TR0010,RT0072,2024-10-01,15:15:00,22:57:00,On Time,EMP0421,703
SCH00382,TR0102,RT0029,2024-08-11,08:45:00,03:09:00,On Time,EMP0100,725
SCH00383,TR0190,RT0145,2024-03-24,21:15:00,06:09:00,On Time,EMP0066,813
SCH00384,TR0017,RT0033,2024-07-15,08:15:00,04:27:00,Completed,EMP0374,851
SCH00385,TR0071,RT0050,2024-10-16,21:00:00,17:12:00,Completed,EMP0355,744
SCH00386,TR0137,RT0065,2024-12-11,21:45:00,11:09:00,On Time,EMP0219,706
SCH00387,TR0173,RT0014,2023-09-13,10:45:00,18:03:00,Cancelled,EMP0209,330
SCH00388,TR0032,RT0133,2023-06-19,14:45:00,00:21:00,On Time,EMP0389,94
SCH00389,TR0185,RT0058,2024-06-27,01:30:00,19:24:00,Completed,EMP0273,509
SCH00390,TR0081,RT0002,2024-12-14,12:15:00,08:21:00,On Time,EMP0451,635
SCH00391,TR0007,RT0058,2023-02-17,22:45:00,16:39:00,Completed,EMP0470,305
SCH00392,TR0051,RT0043,2024-02-11,10:30:00,13:06:00,On Time,EMP0321,149
SCH00393,TR0008,RT0123,2024-05-04,13:00:00,16:18:00,Delayed,EMP0321,392
SCH00394,TR0065,RT0064,2024-09-14,03:45:00,19:15:00,On Time,EMP0175,902
SCH00395,TR0014,RT0086,2024-07-19,16:15:00,07:15:00,Completed,EMP0398,664
SCH00396,TR0159,RT0113,2024-01-28,03:45:00,03:27:00,Delayed,EMP0044,112
SCH00397,TR0009,RT0097,2024-12-24,10:00:00,14:24:00,Delayed,EMP0032,991
SCH00398,TR0114,RT0015,2024-08-05,09:45:00,10:57:00,On Time,EMP0347,107
SCH00399,TR0144,RT0014,2023-12-06,09:45:00,17:03:00,On Time,EMP0317,820
SCH00400,TR0106,RT0060,2024-12-13,19:00:00,02:18:00,On Time,EMP0238,864
SCH00401,TR0110,RT0026,2024-08-09,10:00:00,21:00:00,On Time,EMP0169,651
SCH00402,TR0050,RT0028,2024-08-01,03:00:00,06:54:00,Delayed,EMP0035,657
SCH00403,TR0050,RT0147,2023-03-22,04:30:00,15:06:00,On Time,EMP0247,792
SCH00404,TR0159,RT0114,2024-01-30,05:15:00,16:45:00,On Time,EMP0023,111
SCH00405,TR0033,RT0080,2024-10-02,18:45:00,17:57:00,On Time,EMP0334,822
SCH00406,TR0092,RT0080,2024-11-03,18:15:00,17:27:00,On Time,EMP0159,667
SCH00407,TR0088,RT0075,2024-01-16,11:00:00,12:24:00,On Time,EMP0337,744
SCH00408,TR0038,RT0015,2023-08-12,07:00:00,08:12:00,On Time,EMP0101,255
SCH00409,TR0164,RT0052,2023-01-29,02:30:00,16:48:00,On Time,EMP0244,761
SCH00410,TR0178,RT0120,2024-11-26,19:30:00,23:36:00,Completed,EMP0290,393
SCH00411,TR0158,RT0077,2024-10-28,13:30:00,19:36:00,On Time,EMP0233,947
SCH00412,TR0011,RT0127,2023-04-30,07:00:00,17:12:00,Delayed,EMP0355,285
SCH00413,TR0120,RT0055,2023-07-29,07:45:00,03:33:00,Delayed,EMP0488,884
SCH00414,TR0085,RT0097,2023-10-22,06:45:00,11:09:00,On Time,EMP0004,421
SCH00415,TR0003,RT0019,2023-02-23,11:00:00,10:12:00,Delayed,EMP0073,347
SCH00416,TR0113,RT0050,2024-09-23,20:30:00,16:42:00,On Time,EMP0016,253
SCH00417,TR0051,RT0073,2024-02-01,05:15:00,08:03:00,Completed,EMP0369,228
SCH00418,TR0087,RT0142,2023-05-29,07:15:00,16:33:00,On Time,EMP0091,913
SCH00419,TR0068,RT0026,2024-05-19,00:15:00,11:15:00,On Time,EMP0404,956
SCH00420,TR0029,RT0087,2024-08-20,06:30:00,23:24:00,On Time,EMP0190,878
SCH00421,TR0096,RT0044,2023-11-17,16:45:00,18:03:00,Completed,EMP0034,171
SCH00422,TR0037,RT0034,2023-11-06,06:15:00,02:39:00,On Time,EMP0356,433
SCH00423,TR0082,RT0110,2023-08-23,20:15:00,06:09:00,Completed,EMP0391,680
SCH00424,TR0151,RT0049,2024-11-25,17:30:00,15:54:00,Delayed,EMP0168,303
SCH00425,TR0014,RT0072,2024-01-20,04:45:00,12:27:00,On Time,EMP0042,853
SCH00426,TR0121,RT0017,2023-06-13,05:45:00,09:09:00,Delayed,EMP0331,819
SCH00427,TR0131,RT0096,2024-02-14,15:45:00,03:33:00,On Time,EMP0365,432
SCH00428,TR0135,RT0124,2023-07-05,22:45:00,02:15:00,On Time,EMP0298,460
SCH00429,TR0164,RT0150,2023-10-26,20:00:00,08:18:00,On Time,EMP0459,257
SCH00430,TR0116,RT0061,2024-12-27,12:15:00,17:33:00,On Time,EMP0456,436
SCH00431,TR0147,RT0041,2024-07-14,11:30:00,01:30:00,Delayed,EMP0069,819
SCH00432,TR0022,RT0076,2024-07-22,14:30:00,20:42:00,On Time,EMP0022,526
SCH00433,TR0132,RT0087,2024-02-14,13:45:00,06:39:00,On Time,EMP0210,426
SCH00434,TR0128,RT0082,2023-07-02,08:45:00,09:57:00,On Time,EMP0227,289
SCH00435,TR0068,RT0020,2023-02-01,11:00:00,13:12:00,On Time,EMP0257,575
SCH00436,TR0140,RT0021,2023-10-26,08:15:00,03:27:00,On Time,EMP0037,418
SCH00437,TR0010,RT0140,2024-02-22,06:30:00,13:54:00,On Time,EMP0169,306
SCH00438,TR0078,RT0071,2023-03-17,06:15:00,19:45:00,Completed,EMP0386,783
SCH00439,TR0190,RT0140,2023-10-14,08:00:00,15:24:00,Delayed,EMP0145,892
SCH00440,TR0089,RT0104,2024-10-30,12:00:00,13:18:00,On Time,EMP0263,829
SCH00441,TR0039,RT0102,2024-10-26,07:15:00,07:39:00,Delayed,EMP0108,535
SCH00442,TR0060,RT0133,2023-10-26,18:45:00,04:21:00,Delayed,EMP0237,398
SCH00443,TR0022,RT0081,2023-07-12,06:45:00,15:57:00,Delayed,EMP0358,477
SCH00444,TR0054,RT0113,2023-12-14,14:00:00,13:42:00,On Time,EMP0296,944
SCH00445,TR0033,RT0079,2023-06-01,23:00:00,09:06:00,On Time,EMP0338,904
SCH00446,TR0091,RT0087,2023-11-27,07:45:00,00:39:00,On Time,EMP0386,463
SCH00447,TR0196,RT0138,2024-07-14,09:30:00,23:12:00,Delayed,EMP0291,854
SCH00448,TR0009,RT0036,2024-04-25,04:30:00,07:30:00,Delayed,EMP0410,667
SCH00449,TR0156,RT0147,2024-11-18,12:45:00,23:21:00,On Time,EMP0201,115
SCH00450,TR0137,RT0099,2024-05-20,06:45:00,10:45:00,On Time,EMP0292,512
SCH00451,TR0164,RT0078,2023-01-13,02:15:00,01:39:00,On Time,EMP0284,231
SCH00452,TR0009,RT0126,2024-02-12,00:15:00,01:27:00,On Time,EMP0467,445
SCH00453,TR0073,RT0053,2024-05-12,07:30:00,02:00:00,Delayed,EMP0036,515
SCH00454,TR0015,RT0095,2024-03-23,16:00:00,19:06:00,On Time,EMP0441,981
SCH00455,TR0106,RT0101,2023-04-06,05:00:00,14:00:00,On Time,EMP0215,539
SCH00456,TR0191,RT0018,2023-09-26,12:15:00,18:09:00,On Time,EMP0106,367
SCH00457,TR0111,RT0122,2023-11-03,05:30:00,18:18:00,Delayed,EMP0258,783
SCH00458,TR0176,RT0118,2023-09-17,08:15:00,19:03:00,On Time,EMP0074,506
SCH00459,TR0017,RT0103,2024-07-16,19:15:00,17:03:00,On Time,EMP0467,632
SCH00460,TR0126,RT0118,2023-08-05,14:00:00,00:48:00,Delayed,EMP0148,711
SCH00461,TR0117,RT0089,2023-01-23,22:30:00,14:12:00,On Time,EMP0422,879
SCH00462,TR0045,RT0107,2024-02-11,07:15:00,00:03:00,Completed,EMP0376,492
SCH00463,TR0118,RT0099,2023-08-27,21:15:00,01:15:00,Delayed,EMP0049,452
SCH00464,TR0179,RT0012,2023-09-11,07:15:00,12:09:00,On Time,EMP0322,600
SCH00465,TR0075,RT0018,2024-04-23,22:15:00,04:09:00,Completed,EMP0211,830
SCH00466,TR0142,RT0032,2024-04-06,11:00:00,10:30:00,Delayed,EMP0259,834
SCH00467,TR0200,RT0084,2024-09-22,13:45:00,16:39:00,On Time,EMP0107,568
SCH00468,TR0012,RT0119,2023-03-08,00:00:00,00:36:00,Delayed,EMP0346,817
SCH00469,TR0119,RT0098,2024-10-06,10:45:00,00:03:00,Completed,EMP0204,88
SCH00470,TR0003,RT0065,2023-07-12,03:15:00,16:39:00,On Time,EMP0384,525
SCH00471,TR0125,RT0119,2023-09-13,02:00:00,02:36:00,On Time,EMP0125,780
SCH00472,TR0113,RT0036,2023-01-28,15:30:00,18:30:00,Cancelled,EMP0088,908
SCH00473,TR0005,RT0026,2024-06-09,05:30:00,16:30:00,On Time,EMP0380,450
SCH00474,TR0044,RT0020,2023-04-02,21:00:00,23:12:00,Delayed,EMP0079,501
SCH00475,TR0092,RT0046,2024-07-13,06:00:00,05:48:00,Completed,EMP0273,271
SCH00476,TR0114,RT0013,2023-06-07,20:00:00,00:24:00,On Time,EMP0158,504
SCH00477,TR0014,RT0002,2024-01-16,01:45:00,21:51:00,Delayed,EMP0476,305
SCH00478,TR0096,RT0062,2024-08-31,06:00:00,13:42:00,On Time,EMP0015,64
SCH00479,TR0087,RT0050,2023-06-09,21:00:00,17:12:00,On Time,EMP0452,148
SCH00480,TR0171,RT0043,2023-06-28,23:15:00,01:51:00,On Time,EMP0263,160
SCH00481,TR0084,RT0083,2023-09-01,17:15:00,09:03:00,Delayed,EMP0479,604
SCH00482,TR0102,RT0110,2023-07-06,03:15:00,13:09:00,On Time,EMP0183,381
SCH00483,TR0045,RT0004,2023-06-19,12:30:00,01:00:00,On Time,EMP0109,519
SCH00484,TR0057,RT0017,2023-04-09,21:30:00,00:54:00,Delayed,EMP0189,94
SCH00485,TR0018,RT0056,2023-05-24,13:30:00,00:18:00,Delayed,EMP0256,154
SCH00486,TR0183,RT0138,2024-03-27,18:15:00,07:57:00,On Time,EMP0049,664
SCH00487,TR0084,RT0100,2024-02-05,21:15:00,17:39:00,On Time,EMP0326,829
SCH00488,TR0177,RT0082,2024-12-05,21:45:00,22:57:00,On Time,EMP0010,673
SCH00489,TR0150,RT0115,2023-05-07,12:15:00,02:21:00,On Time,EMP0361,63
SCH00490,TR0060,RT0006,2024-09-08,19:00:00,02:54:00,On Time,EMP0378,488
SCH00491,TR0194,RT0063,2023-05-25,19:00:00,04:48:00,On Time,EMP0192,560
SCH00492,TR0076,RT0052,2023-01-15,04:45:00,19:03:00,On Time,EMP0020,293
SCH00493,TR0186,RT0114,2023-06-30,23:30:00,11:00:00,On Time,EMP0163,709
SCH00494,TR0195,RT0011,2024-08-02,16:45:00,20:51:00,Delayed,EMP0148,818
SCH00495,TR0007,RT0059,2024-12-07,23:30:00,22:24:00,On Time,EMP0106,602
SCH00496,TR0014,RT0064,2023-02-06,21:15:00,12:45:00,Delayed,EMP0196,583
SCH00497,TR0083,RT0047,2024-12-27,14:00:00,22:48:00,On Time,EMP0252,121
SCH00498,TR0050,RT0014,2023-04-24,20:15:00,03:33:00,Completed,EMP0065,143
SCH00499,TR0045,RT0141,2024-12-07,06:15:00,13:03:00,On Time,EMP0219,792
SCH00500,TR0120,RT0080,2023-05-09,05:15:00,04:27:00,On Time,EMP0091,670
SCH00501,TR0064,RT0078,2024-07-13,09:45:00,09:09:00,Completed,EMP0104,328
SCH00502,TR0124,RT0021,2024-03-19,11:45:00,06:57:00,On Time,EMP0242,501
SCH00503,TR0109,RT0130,2024-04-08,19:45:00,04:39:00,Delayed,EMP0420,862
SCH00504,TR0124,RT0006,2023-11-14,12:45:00,20:39:00,Completed,EMP0389,978
SCH00505,TR0077,RT0138,2024-11-21,04:15:00,17:57:00,On Time,EMP0238,363
SCH00506,TR0117,RT0073,2023-06-25,12:45:00,15:33:00,On Time,EMP0070,782
SCH00507,TR0121,RT0051,2024-09-20,04:15:00,12:21:00,On Time,EMP0442,562
SCH00508,TR0187,RT0096,2023-04-04,15:45:00,03:33:00,Completed,EMP0482,454
SCH00509,TR0191,RT0096,2023-11-06,12:45:00,00:33:00,On Time,EMP0302,122
SCH00510,TR0105,RT0010,2023-09-23,03:45:00,08:15:00,Completed,EMP0084,248
SCH00511,TR0196,RT0112,2024-07-05,08:30:00,10:48:00,On Time,EMP0251,700
SCH00512,TR0177,RT0095,2023-04-18,22:00:00,01:06:00,Delayed,EMP0475,484
SCH00513,TR0189,RT0064,2023-01-08,07:45:00,23:15:00,On Time,EMP0417,420
SCH00514,TR0162,RT0008,2023-03-28,22:15:00,05:57:00,On Time,EMP0234,747
SCH00515,TR0038,RT0066,2024-03-17,07:15:00,18:39:00,On Time,EMP0395,144
SCH00516,TR0165,RT0099,2024-05-09,12:00:00,16:00:00,On Time,EMP0097,947
SCH00517,TR0109,RT0043,2024-04-19,13:30:00,16:06:00,Delayed,EMP0257,595
SCH00518,TR0169,RT0098,2023-01-01,18:30:00,07:48:00,Delayed,EMP0386,947
SCH00519,TR0187,RT0023,2024-04-12,03:30:00,16:48:00,Cancelled,EMP0138,816
SCH00520,TR0054,RT0102,2023-03-29,22:30:00,22:54:00,On Time,EMP0087,885
SCH00521,TR0126,RT0001,2024-10-13,03:00:00,11:42:00,Delayed,EMP0214,587
SCH00522,TR0107,RT0074,2023-09-28,23:45:00,07:15:00,On Time,EMP0192,240
SCH00523,TR0181,RT0035,2023-12-20,06:45:00,11:33:00,On Time,EMP0486,162
SCH00524,TR0116,RT0146,2023-05-02,06:15:00,17:03:00,On Time,EMP0384,237
SCH00525,TR0195,RT0050,2024-02-08,08:45:00,04:57:00,On Time,EMP0468,689
SCH00526,TR0028,RT0043,2024-05-23,02:30:00,05:06:00,On Time,EMP0064,333
SCH00527,TR0017,RT0088,2023-08-16,00:15:00,22:57:00,On Time,EMP0345,828
SCH00528,TR0026,RT0003,2023-02-04,01:30:00,07:06:00,Delayed,EMP0004,731
SCH00529,TR0150,RT0011,2024-08-03,03:15:00,07:21:00,On Time,EMP0004,434
SCH00530,TR0155,RT0134,2023-02-12,08:45:00,22:57:00,On Time,EMP0173,668
SCH00531,TR0110,RT0087,2024-10-29,11:30:00,04:24:00,Completed,EMP0419,295
SCH00532,TR0093,RT0103,2024-01-25,12:00:00,09:48:00,Completed,EMP0448,388
SCH00533,TR0026,RT0001,2024-05-07,14:45:00,23:27:00,Delayed,EMP0455,997
SCH00534,TR0036,RT0007,2024-05-31,19:00:00,03:24:00,Completed,EMP0144,766
SCH00535,TR0193,RT0064,2023-03-09,11:45:00,03:15:00,Delayed,EMP0338,940
SCH00536,TR0122,RT0132,2023-11-22,13:15:00,17:57:00,On Time,EMP0327,882
SCH00537,TR0083,RT0005,2024-02-07,20:30:00,05:48:00,Completed,EMP0497,876
SCH00538,TR0189,RT0084,2024-07-06,21:45:00,00:39:00,On Time,EMP0249,459
SCH00539,TR0190,RT0021,2023-06-29,11:45:00,06:57:00,Completed,EMP0483,537
SCH00540,TR0169,RT0026,2023-05-31,23:45:00,10:45:00,On Time,EMP0100,779
SCH00541,TR0037,RT0134,2023-04-24,18:00:00,08:12:00,On Time,EMP0408,139
SCH00542,TR0078,RT0141,2024-06-01,14:15:00,21:03:00,Completed,EMP0489,168
SCH00543,TR0124,RT0139,2023-08-10,07:15:00,23:45:00,On Time,EMP0386,725
SCH00544,TR0180,RT0023,2023-03-14,03:45:00,17:03:00,Completed,EMP0015,214
SCH00545,TR0084,RT0099,2024-04-21,08:15:00,12:15:00,Delayed,EMP0341,537
SCH00546,TR0172,RT0032,2024-09-17,21:15:00,20:45:00,Completed,EMP0325,792
SCH00547,TR0126,RT0024,2024-02-18,22:30:00,08:30:00,Completed,EMP0478,639
SCH00548,TR0197,RT0017,2024-07-04,20:30:00,23:54:00,On Time,EMP0368,810
SCH00549,TR0189,RT0098,2023-07-23,20:45:00,10:03:00,Cancelled,EMP0115,315
SCH00550,TR0030,RT0075,2024-05-31,02:00:00,03:24:00,On Time,EMP0380,656
SCH00551,TR0049,RT0030,2024-12-20,18:30:00,15:18:00,On Time,EMP0161,439
SCH00552,TR0148,RT0001,2023-09-17,09:00:00,17:42:00,Delayed,EMP0098,917
SCH00553,TR0100,RT0109,2023-12-26,10:30:00,16:12:00,Delayed,EMP0479,865
SCH00554,TR0033,RT0134,2024-07-18,21:15:00,11:27:00,On Time,EMP0005,601
SCH00555,TR0118,RT0081,2024-01-29,04:30:00,13:42:00,Cancelled,EMP0256,746
SCH00556,TR0117,RT0038,2024-02-12,19:30:00,18:24:00,On Time,EMP0341,919
SCH00557,TR0180,RT0009,2024-11-30,19:30:00,04:48:00,On Time,EMP0353,176
SCH00558,TR0071,RT0147,2024-06-22,15:15:00,01:51:00,On Time,EMP0361,435
SCH00559,TR0016,RT0086,2024-03-13,04:15:00,19:15:00,Cancelled,EMP0479,879
SCH00560,TR0058,RT0014,2023-10-29,05:45:00,13:03:00,Delayed,EMP0154,884
SCH00561,TR0169,RT0041,2023-10-19,00:45:00,14:45:00,On Time,EMP0348,534
SCH00562,TR0090,RT0101,2023-05-02,12:00:00,21:00:00,On Time,EMP0145,339
SCH00563,TR0179,RT0050,2024-03-09,22:45:00,18:57:00,On Time,EMP0166,820
SCH00564,TR0149,RT0014,2024-06-24,22:30:00,05:48:00,On Time,EMP0084,641
SCH00565,TR0036,RT0114,2024-07-04,22:45:00,10:15:00,On Time,EMP0075,264
SCH00566,TR0056,RT0051,2024-02-23,23:00:00,07:06:00,On Time,EMP0439,639
SCH00567,TR0027,RT0038,2024-05-01,12:45:00,11:39:00,Delayed,EMP0087,998
SCH00568,TR0015,RT0025,2023-04-08,11:45:00,00:27:00,On Time,EMP0027,170
SCH00569,TR0132,RT0087,2023-05-09,18:45:00,11:39:00,Completed,EMP0322,789
SCH00570,TR0104,RT0063,2023-07-07,01:00:00,10:48:00,On Time,EMP0251,359
SCH00571,TR0177,RT0045,2023-05-06,20:45:00,02:21:00,Delayed,EMP0408,736
SCH00572,TR0169,RT0023,2024-04-08,14:45:00,04:03:00,On Time,EMP0335,505
SCH00573,TR0095,RT0003,2023-07-04,03:00:00,08:36:00,On Time,EMP0251,706
SCH00574,TR0172,RT0131,2024-03-24,07:00:00,23:00:00,Delayed,EMP0294,541
SCH00575,TR0071,RT0025,2023-09-21,18:15:00,06:57:00,On Time,EMP0331,769
SCH00576,TR0112,RT0077,2024-11-17,18:15:00,00:21:00,On Time,EMP0033,780
SCH00577,TR0138,RT0048,2024-02-16,12:00:00,05:06:00,On Time,EMP0419,599
SCH00578,TR0136,RT0126,2024-05-11,02:00:00,03:12:00,Delayed,EMP0107,724
SCH00579,TR0031,RT0047,2024-09-05,19:15:00,04:03:00,On Time,EMP0229,869
SCH00580,TR0081,RT0032,2024-11-20,01:15:00,00:45:00,Delayed,EMP0335,215
SCH00581,TR0023,RT0144,2023-04-17,08:00:00,12:54:00,On Time,EMP0064,568
SCH00582,TR0077,RT0094,2023-04-21,17:15:00,14:39:00,On Time,EMP0484,723
SCH00583,TR0001,RT0064,2024-08-20,09:00:00,00:30:00,Completed,EMP0266,976
SCH00584,TR0076,RT0137,2024-08-10,14:15:00,18:27:00,Delayed,EMP0356,370
SCH00585,TR0134,RT0091,2023-05-22,19:15:00,03:45:00,Delayed,EMP0340,889
SCH00586,TR0012,RT0061,2024-01-10,01:15:00,06:33:00,On Time,EMP0439,902
SCH00587,TR0056,RT0035,2024-02-04,19:15:00,00:03:00,Delayed,EMP0143,181
SCH00588,TR0187,RT0109,2023-11-24,02:30:00,08:12:00,On Time,EMP0333,975
SCH00589,TR0042,RT0103,2024-08-31,14:00:00,11:48:00,Completed,EMP0347,485
SCH00590,TR0178,RT0037,2023-10-25,17:15:00,20:51:00,On Time,EMP0376,325
SCH00591,TR0163,RT0050,2024-07-29,22:30:00,18:42:00,Delayed,EMP0332,890
SCH00592,TR0131,RT0042,2023-06-20,13:15:00,19:09:00,On Time,EMP0404,494
SCH00593,TR0098,RT0007,2023-08-09,19:15:00,03:39:00,On Time,EMP0064,594
SCH00594,TR0029,RT0141,2023-12-18,13:00:00,19:48:00,On Time,EMP0046,421
SCH00595,TR0086,RT0070,2024-04-30,04:15:00,20:27:00,On Time,EMP0051,436
SCH00596,TR0057,RT0097,2023-07-11,03:00:00,07:24:00,On Time,EMP0373,946
SCH00597,TR0079,RT0126,2024-03-22,03:30:00,04:42:00,Delayed,EMP0444,338
SCH00598,TR0142,RT0070,2023-03-16,19:00:00,11:12:00,Completed,EMP0088,375
SCH00599,TR0193,RT0100,2024-03-12,05:30:00,01:54:00,Cancelled,EMP0348,857
SCH00600,TR0137,RT0142,2023-11-02,19:45:00,05:03:00,On Time,EMP0066,315
SCH00601,TR0003,RT0132,2024-12-06,22:15:00,02:57:00,Delayed,EMP0074,437
SCH00602,TR0146,RT0069,2023-04-15,01:30:00,08:30:00,Delayed,EMP0128,744
SCH00603,TR0156,RT0108,2023-08-25,22:45:00,20:27:00,On Time,EMP0182,867
SCH00604,TR0120,RT0129,2024-03-17,09:30:00,04:30:00,Completed,EMP0267,785
SCH00605,TR0059,RT0079,2023-05-11,20:00:00,06:06:00,Completed,EMP0209,839
SCH00606,TR0081,RT0024,2023-07-26,20:00:00,06:00:00,On Time,EMP0123,145
SCH00607,TR0043,RT0148,2024-04-15,01:00:00,05:12:00,Delayed,EMP0284,554
SCH00608,TR0003,RT0109,2024-11-08,21:15:00,02:57:00,On Time,EMP0264,751
SCH00609,TR0174,RT0137,2024-10-02,22:00:00,02:12:00,On Time,EMP0316,244
SCH00610,TR0191,RT0002,2023-05-13,22:45:00,18:51:00,Delayed,EMP0384,403
SCH00611,TR0063,RT0136,2023-10-25,21:00:00,19:42:00,Delayed,EMP0494,222
SCH00612,TR0173,RT0135,2023-12-26,07:15:00,16:57:00,On Time,EMP0430,186
SCH00613,TR0132,RT0091,2024-11-02,01:45:00,10:15:00,On Time,EMP0088,432
SCH00614,TR0029,RT0087,2023-02-05,21:15:00,14:09:00,Cancelled,EMP0436,834
SCH00615,TR0031,RT0075,2024-07-08,09:45:00,11:09:00,On Time,EMP0110,52
SCH00616,TR0189,RT0146,2023-11-01,12:15:00,23:03:00,Completed,EMP0476,708
SCH00617,TR0132,RT0010,2023-09-21,14:45:00,19:15:00,On Time,EMP0004,680
SCH00618,TR0118,RT0085,2023-08-16,09:30:00,17:24:00,On Time,EMP0180,961
SCH00619,TR0185,RT0048,2023-11-11,12:30:00,05:36:00,On Time,EMP0221,553
SCH00620,TR0051,RT0022,2024-01-28,16:15:00,15:03:00,On Time,EMP0468,549
SCH00621,TR0002,RT0040,2023-11-13,21:30:00,03:36:00,On Time,EMP0203,433
SCH00622,TR0077,RT0094,2024-12-28,13:15:00,10:39:00,On Time,EMP0138,161
SCH00623,TR0113,RT0113,2023-07-26,05:15:00,04:57:00,On Time,EMP0223,55
SCH00624,TR0092,RT0051,2024-09-08,03:15:00,11:21:00,On Time,EMP0069,454
SCH00625,TR0108,RT0085,2024-02-20,01:15:00,09:09:00,Delayed,EMP0486,540
SCH00626,TR0171,RT0069,2024-01-08,03:45:00,10:45:00,On Time,EMP0254,869
SCH00627,TR0175,RT0033,2024-05-06,10:45:00,06:57:00,On Time,EMP0473,809
SCH00628,TR0100,RT0034,2023-07-08,03:00:00,23:24:00,Delayed,EMP0065,209
SCH00629,TR0089,RT0129,2024-03-28,00:15:00,19:15:00,On Time,EMP0425,400
SCH00630,TR0110,RT0003,2024-01-27,13:45:00,19:21:00,On Time,EMP0249,134
SCH00631,TR0195,RT0110,2024-12-14,07:15:00,17:09:00,Delayed,EMP0096,305
SCH00632,TR0072,RT0030,2024-06-03,08:15:00,05:03:00,Delayed,EMP0220,253
SCH00633,TR0122,RT0027,2023-07-12,22:15:00,01:51:00,On Time,EMP0438,655
SCH00634,TR0162,RT0039,2023-04-08,07:00:00,15:42:00,On Time,EMP0020,330
SCH00635,TR0050,RT0038,2024-07-09,13:00:00,11:54:00,Delayed,EMP0047,935
SCH00636,TR0014,RT0098,2024-01-25,13:30:00,02:48:00,Delayed,EMP0119,277
SCH00637,TR0087,RT0110,2023-06-27,15:00:00,00:54:00,On Time,EMP0330,102
SCH00638,TR0078,RT0029,2024-08-19,08:30:00,02:54:00,On Time,EMP0180,778
SCH00639,TR0108,RT0064,2024-01-14,10:00:00,01:30:00,On Time,EMP0001,103
SCH00640,TR0170,RT0083,2023-04-04,06:30:00,22:18:00,On Time,EMP0466,671
SCH00641,TR0026,RT0111,2024-02-04,05:30:00,23:18:00,Completed,EMP0187,392
SCH00642,TR0078,RT0029,2024-12-07,03:00:00,21:24:00,Delayed,EMP0395,932
SCH00643,TR0034,RT0085,2023-09-29,11:30:00,19:24:00,Delayed,EMP0302,591
SCH00644,TR0155,RT0096,2023-07-24,07:30:00,19:18:00,On Time,EMP0197,139
SCH00645,TR0028,RT0034,2023-03-03,20:00:00,16:24:00,On Time,EMP0496,984
SCH00646,TR0168,RT0049,2023-04-18,06:45:00,05:09:00,Completed,EMP0039,609
SCH00647,TR0159,RT0088,2024-01-02,09:45:00,08:27:00,Completed,EMP0104,596
SCH00648,TR0185,RT0040,2024-03-31,01:15:00,07:21:00,On Time,EMP0282,778
SCH00649,TR0065,RT0144,2023-06-04,11:30:00,16:24:00,On Time,EMP0368,170
SCH00650,TR0112,RT0018,2023-10-31,15:45:00,21:39:00,On Time,EMP0488,565
SCH00651,TR0006,RT0043,2024-11-13,19:30:00,22:06:00,Delayed,EMP0067,346
SCH00652,TR0012,RT0145,2024-05-19,01:15:00,10:09:00,Delayed,EMP0204,556
SCH00653,TR0176,RT0137,2024-09-07,16:00:00,20:12:00,On Time,EMP0385,571
SCH00654,TR0099,RT0144,2024-02-09,12:45:00,17:39:00,Delayed,EMP0106,238
SCH00655,TR0001,RT0041,2023-03-08,18:15:00,08:15:00,Delayed,EMP0005,950
SCH00656,TR0132,RT0117,2023-01-07,16:30:00,08:06:00,On Time,EMP0113,353
SCH00657,TR0182,RT0069,2023-09-03,17:00:00,00:00:00,On Time,EMP0024,596
SCH00658,TR0061,RT0075,2024-05-04,01:15:00,02:39:00,Completed,EMP0143,999
SCH00659,TR0035,RT0070,2024-02-26,01:15:00,17:27:00,Completed,EMP0108,597
SCH00660,TR0030,RT0001,2023-02-26,20:30:00,05:12:00,Delayed,EMP0498,427
SCH00661,TR0084,RT0022,2024-04-13,22:30:00,21:18:00,Delayed,EMP0210,969
SCH00662,TR0157,RT0076,2023-03-27,10:00:00,16:12:00,Delayed,EMP0006,893
SCH00663,TR0092,RT0057,2023-02-13,23:30:00,04:24:00,On Time,EMP0498,66
SCH00664,TR0138,RT0150,2023-04-12,03:45:00,16:03:00,Completed,EMP0132,940
SCH00665,TR0161,RT0142,2023-10-05,06:45:00,16:03:00,On Time,EMP0138,258
SCH00666,TR0149,RT0102,2024-12-08,04:45:00,05:09:00,On Time,EMP0372,494
SCH00667,TR0095,RT0038,2024-05-04,15:00:00,13:54:00,On Time,EMP0236,239
SCH00668,TR0046,RT0049,2024-09-23,18:45:00,17:09:00,Completed,EMP0093,713
SCH00669,TR0073,RT0006,2024-10-08,09:15:00,17:09:00,Completed,EMP0419,453
SCH00670,TR0176,RT0049,2024-04-29,02:15:00,00:39:00,On Time,EMP0126,515
SCH00671,TR0166,RT0104,2023-08-19,03:15:00,04:33:00,Delayed,EMP0414,62
SCH00672,TR0155,RT0026,2024-11-18,12:45:00,23:45:00,On Time,EMP0424,63
SCH00673,TR0196,RT0012,2024-04-23,04:15:00,09:09:00,Delayed,EMP0138,196
SCH00674,TR0161,RT0004,2023-05-15,00:00:00,12:30:00,On Time,EMP0419,396
SCH00675,TR0182,RT0022,2024-05-23,06:15:00,05:03:00,On Time,EMP0289,963
SCH00676,TR0114,RT0042,2023-12-30,09:30:00,15:24:00,On Time,EMP0125,107
SCH00677,TR0140,RT0069,2023-04-04,20:00:00,03:00:00,On Time,EMP0023,155
SCH00678,TR0140,RT0076,2023-08-08,03:45:00,09:57:00,On Time,EMP0468,279
SCH00679,TR0007,RT0059,2023-05-21,13:45:00,12:39:00,On Time,EMP0336,343
SCH00680,TR0058,RT0099,2024-09-06,21:00:00,01:00:00,On Time,EMP0057,279
SCH00681,TR0027,RT0073,2023-10-05,11:00:00,13:48:00,Delayed,EMP0061,419
SCH00682,TR0022,RT0012,2024-10-10,19:15:00,00:09:00,On Time,EMP0272,392
SCH00683,TR0154,RT0047,2023-09-12,21:45:00,06:33:00,On Time,EMP0342,753
SCH00684,TR0078,RT0074,2024-10-05,11:00:00,18:30:00,On Time,EMP0256,727
SCH00685,TR0095,RT0068,2024-01-16,22:00:00,07:48:00,Delayed,EMP0442,202
SCH00686,TR0200,RT0038,2023-12-13,10:15:00,09:09:00,On Time,EMP0370,865
SCH00687,TR0123,RT0018,2023-05-04,03:45:00,09:39:00,Completed,EMP0143,198
SCH00688,TR0024,RT0083,2024-07-30,04:15:00,20:03:00,Delayed,EMP0181,376
SCH00689,TR0127,RT0109,2024-08-14,15:45:00,21:27:00,Delayed,EMP0326,391
SCH00690,TR0036,RT0063,2023-04-23,12:45:00,22:33:00,On Time,EMP0276,596
SCH00691,TR0127,RT0137,2024-07-03,17:15:00,21:27:00,On Time,EMP0298,782
SCH00692,TR0108,RT0135,2024-08-25,18:15:00,03:57:00,Delayed,EMP0121,420
SCH00693,TR0001,RT0053,2023-11-22,00:30:00,19:00:00,Delayed,EMP0491,186
SCH00694,TR0029,RT0016,2023-02-11,11:30:00,21:36:00,Cancelled,EMP0444,847
SCH00695,TR0036,RT0076,2023-04-04,14:15:00,20:27:00,Cancelled,EMP0283,984
SCH00696,TR0108,RT0063,2024-04-10,06:15:00,16:03:00,On Time,EMP0071,170
SCH00697,TR0179,RT0037,2023-07-30,12:00:00,15:36:00,Delayed,EMP0218,430
SCH00698,TR0014,RT0028,2023-07-18,21:00:00,00:54:00,On Time,EMP0305,941
SCH00699,TR0041,RT0008,2023-08-16,04:30:00,12:12:00,On Time,EMP0126,128
SCH00700,TR0004,RT0146,2023-12-02,13:15:00,00:03:00,Delayed,EMP0241,811
SCH00701,TR0036,RT0136,2023-05-22,22:30:00,21:12:00,On Time,EMP0370,395
SCH00702,TR0114,RT0004,2024-08-18,09:00:00,21:30:00,On Time,EMP0452,707
SCH00703,TR0009,RT0045,2023-03-02,16:15:00,21:51:00,On Time,EMP0427,483
SCH00704,TR0175,RT0117,2024-11-12,17:30:00,09:06:00,Completed,EMP0257,363
SCH00705,TR0182,RT0059,2023-01-14,13:15:00,12:09:00,On Time,EMP0048,584
SCH00706,TR0097,RT0033,2024-11-27,23:15:00,19:27:00,On Time,EMP0029,274
SCH00707,TR0101,RT0048,2023-01-25,23:00:00,16:06:00,Cancelled,EMP0240,538
SCH00708,TR0081,RT0104,2024-12-03,12:15:00,13:33:00,On Time,EMP0191,712
SCH00709,TR0109,RT0050,2023-05-13,08:00:00,04:12:00,On Time,EMP0186,667
SCH00710,TR0200,RT0086,2024-01-04,00:15:00,15:15:00,On Time,EMP0278,159
SCH00711,TR0017,RT0055,2024-09-19,19:00:00,14:48:00,Delayed,EMP0159,242
SCH00712,TR0142,RT0052,2024-02-03,20:00:00,10:18:00,On Time,EMP0044,633
SCH00713,TR0145,RT0012,2024-12-23,18:45:00,23:39:00,On Time,EMP0162,145
SCH00714,TR0080,RT0003,2023-04-14,11:30:00,17:06:00,Completed,EMP0257,249
SCH00715,TR0081,RT0101,2023-03-07,23:30:00,08:30:00,Completed,EMP0360,740
SCH00716,TR0025,RT0085,2024-03-20,13:00:00,20:54:00,On Time,EMP0397,203
SCH00717,TR0007,RT0098,2024-03-11,15:00:00,04:18:00,On Time,EMP0078,748
SCH00718,TR0119,RT0021,2024-01-05,20:00:00,15:12:00,Completed,EMP0119,955
SCH00719,TR0056,RT0037,2023-03-22,22:15:00,01:51:00,Completed,EMP0257,578
SCH00720,TR0187,RT0134,2023-07-03,10:45:00,00:57:00,Delayed,EMP0174,347
SCH00721,TR0093,RT0111,2023-04-20,01:45:00,19:33:00,On Time,EMP0313,671
SCH00722,TR0020,RT0040,2024-05-21,18:45:00,00:51:00,On Time,EMP0008,196
SCH00723,TR0197,RT0080,2023-04-01,17:00:00,16:12:00,On Time,EMP0233,371
SCH00724,TR0044,RT0076,2024-07-06,05:00:00,11:12:00,On Time,EMP0187,411
SCH00725,TR0023,RT0019,2023-07-23,05:45:00,04:57:00,On Time,EMP0243,312
SCH00726,TR0196,RT0114,2024-12-19,20:15:00,07:45:00,Completed,EMP0498,632
SCH00727,TR0125,RT0011,2023-03-23,11:30:00,15:36:00,On Time,EMP0439,684
SCH00728,TR0175,RT0034,2024-06-13,14:30:00,10:54:00,On Time,EMP0320,371
SCH00729,TR0096,RT0022,2023-04-07,21:45:00,20:33:00,On Time,EMP0135,948
SCH00730,TR0175,RT0011,2024-03-25,19:00:00,23:06:00,Delayed,EMP0126,766
SCH00731,TR0144,RT0003,2024-04-19,04:00:00,09:36:00,On Time,EMP0082,633
SCH00732,TR0103,RT0019,2023-08-12,07:45:00,06:57:00,Completed,EMP0343,145
SCH00733,TR0090,RT0120,2024-02-29,14:45:00,18:51:00,On Time,EMP0093,799
SCH00734,TR0028,RT0102,2024-10-19,13:15:00,13:39:00,On Time,EMP0034,374
SCH00735,TR0088,RT0125,2023-03-03,06:45:00,13:27:00,On Time,EMP0233,89
SCH00736,TR0140,RT0040,2023-05-16,15:15:00,21:21:00,Delayed,EMP0164,631
SCH00737,TR0009,RT0098,2024-10-31,01:30:00,14:48:00,Delayed,EMP0243,268
SCH00738,TR0014,RT0055,2024-07-31,00:45:00,20:33:00,On Time,EMP0326,230
SCH00739,TR0022,RT0037,2024-03-20,02:30:00,06:06:00,On Time,EMP0153,944
SCH00740,TR0183,RT0116,2023-02-12,13:15:00,07:03:00,Delayed,EMP0133,238
SCH00741,TR0014,RT0024,2024-03-17,13:30:00,23:30:00,Completed,EMP0153,218
SCH00742,TR0051,RT0090,2023-01-31,13:45:00,09:51:00,On Time,EMP0353,852
SCH00743,TR0042,RT0112,2024-09-03,11:45:00,14:03:00,Cancelled,EMP0288,851
SCH00744,TR0153,RT0051,2023-07-24,02:15:00,10:21:00,On Time,EMP0422,801
SCH00745,TR0191,RT0082,2023-01-12,00:15:00,01:27:00,Completed,EMP0479,201
SCH00746,TR0128,RT0082,2024-05-25,03:45:00,04:57:00,On Time,EMP0370,53
SCH00747,TR0116,RT0033,2024-07-30,20:45:00,16:57:00,Delayed,EMP0297,149
SCH00748,TR0010,RT0056,2024-01-09,23:15:00,10:03:00,On Time,EMP0280,842
SCH00749,TR0043,RT0097,2024-04-24,06:30:00,10:54:00,On Time,EMP0098,745
SCH00750,TR0148,RT0004,2023-04-26,11:30:00,00:00:00,On Time,EMP0460,364
SCH00751,TR0129,RT0032,2023-08-22,22:45:00,22:15:00,Delayed,EMP0234,473
SCH00752,TR0106,RT0091,2023-05-15,11:45:00,20:15:00,On Time,EMP0392,393
SCH00753,TR0030,RT0046,2024-08-09,14:45:00,14:33:00,On Time,EMP0284,659
SCH00754,TR0042,RT0139,2023-12-04,13:45:00,06:15:00,On Time,EMP0338,755
SCH00755,TR0175,RT0112,2023-11-06,20:30:00,22:48:00,Delayed,EMP0481,997
SCH00756,TR0026,RT0023,2024-12-10,03:00:00,16:18:00,Delayed,EMP0316,471
SCH00757,TR0027,RT0128,2024-06-05,23:00:00,04:24:00,Delayed,EMP0258,645
SCH00758,TR0009,RT0075,2024-09-27,13:15:00,14:39:00,On Time,EMP0233,614
SCH00759,TR0098,RT0030,2023-06-30,06:45:00,03:33:00,Completed,EMP0180,862
SCH00760,TR0119,RT0106,2024-06-15,20:45:00,15:09:00,On Time,EMP0192,850
SCH00761,TR0058,RT0130,2024-07-03,09:30:00,18:24:00,Completed,EMP0136,364
SCH00762,TR0107,RT0062,2023-04-20,00:45:00,08:27:00,On Time,EMP0014,207
SCH00763,TR0096,RT0133,2023-12-19,23:30:00,09:06:00,On Time,EMP0492,635
SCH00764,TR0111,RT0062,2023-06-12,17:45:00,01:27:00,On Time,EMP0330,452
SCH00765,TR0014,RT0148,2024-06-13,13:15:00,17:27:00,Completed,EMP0200,795
SCH00766,TR0045,RT0104,2024-01-01,10:15:00,11:33:00,On Time,EMP0051,777
SCH00767,TR0033,RT0130,2024-10-24,03:45:00,12:39:00,Cancelled,EMP0322,988
SCH00768,TR0067,RT0142,2024-07-03,05:30:00,14:48:00,On Time,EMP0048,76
SCH00769,TR0112,RT0003,2023-04-30,20:15:00,01:51:00,On Time,EMP0363,606
SCH00770,TR0021,RT0147,2023-07-11,12:00:00,22:36:00,Delayed,EMP0067,514
SCH00771,TR0163,RT0092,2024-12-02,05:15:00,18:27:00,Delayed,EMP0114,354
SCH00772,TR0050,RT0138,2024-10-05,07:45:00,21:27:00,Delayed,EMP0338,102
SCH00773,TR0071,RT0022,2024-04-20,04:00:00,02:48:00,Delayed,EMP0297,937
SCH00774,TR0027,RT0029,2023-05-05,14:00:00,08:24:00,On Time,EMP0145,318
SCH00775,TR0047,RT0024,2023-04-24,02:45:00,12:45:00,Cancelled,EMP0468,908
SCH00776,TR0054,RT0101,2023-03-12,03:45:00,12:45:00,Delayed,EMP0212,125
SCH00777,TR0125,RT0020,2024-01-03,06:45:00,08:57:00,On Time,EMP0161,698
SCH00778,TR0116,RT0042,2024-06-27,05:30:00,11:24:00,On Time,EMP0092,725
SCH00779,TR0146,RT0009,2024-09-11,03:30:00,12:48:00,Completed,EMP0248,678
SCH00780,TR0154,RT0140,2024-04-22,00:15:00,07:39:00,On Time,EMP0131,998
SCH00781,TR0032,RT0050,2023-03-29,19:00:00,15:12:00,On Time,EMP0266,574
SCH00782,TR0195,RT0040,2023-08-19,06:30:00,12:36:00,On Time,EMP0112,80
SCH00783,TR0084,RT0036,2024-11-24,07:00:00,10:00:00,Delayed,EMP0482,179
SCH00784,TR0069,RT0071,2024-03-31,15:15:00,04:45:00,Completed,EMP0179,775
SCH00785,TR0142,RT0076,2024-03-11,14:45:00,20:57:00,On Time,EMP0485,459
SCH00786,TR0050,RT0065,2023-09-18,05:15:00,18:39:00,Delayed,EMP0455,784
SCH00787,TR0072,RT0101,2023-03-04,03:30:00,12:30:00,On Time,EMP0106,789
SCH00788,TR0125,RT0111,2023-07-09,14:45:00,08:33:00,Delayed,EMP0140,885
SCH00789,TR0082,RT0028,2023-05-15,19:45:00,23:39:00,On Time,EMP0291,411
SCH00790,TR0096,RT0017,2023-07-12,14:15:00,17:39:00,Completed,EMP0491,573
SCH00791,TR0065,RT0105,2023-05-04,09:30:00,00:18:00,On Time,EMP0059,234
SCH00792,TR0083,RT0110,2024-05-22,05:30:00,15:24:00,On Time,EMP0111,722
SCH00793,TR0096,RT0096,2023-11-28,04:30:00,16:18:00,On Time,EMP0164,754
SCH00794,TR0003,RT0085,2023-04-24,06:45:00,14:39:00,Delayed,EMP0165,970
SCH00795,TR0060,RT0144,2023-01-21,02:45:00,07:39:00,On Time,EMP0109,589
SCH00796,TR0056,RT0027,2024-03-04,17:30:00,21:06:00,Delayed,EMP0485,954
SCH00797,TR0172,RT0020,2024-04-06,18:45:00,20:57:00,Delayed,EMP0223,375
SCH00798,TR0082,RT0051,2023-04-09,06:00:00,14:06:00,Cancelled,EMP0256,97
SCH00799,TR0071,RT0108,2024-06-06,03:00:00,00:42:00,On Time,EMP0308,384
SCH00800,TR0152,RT0099,2023-05-15,07:00:00,11:00:00,On Time,EMP0330,852
SCH00801,TR0148,RT0002,2023-06-24,14:30:00,10:36:00,On Time,EMP0496,462
SCH00802,TR0010,RT0137,2023-11-08,16:00:00,20:12:00,On Time,EMP0009,121
SCH00803,TR0121,RT0025,2023-03-05,13:30:00,02:12:00,On Time,EMP0386,404
SCH00804,TR0103,RT0021,2024-08-29,17:30:00,12:42:00,On Time,EMP0025,452
SCH00805,TR0077,RT0117,2023-01-26,15:00:00,06:36:00,Cancelled,EMP0481,682
SCH00806,TR0027,RT0008,2023-08-22,07:00:00,14:42:00,Cancelled,EMP0072,157
SCH00807,TR0083,RT0112,2023-11-17,07:15:00,09:33:00,On Time,EMP0371,973
SCH00808,TR0095,RT0138,2023-05-30,00:00:00,13:42:00,On Time,EMP0402,94
SCH00809,TR0029,RT0013,2024-07-24,09:00:00,13:24:00,On Time,EMP0353,677
SCH00810,TR0098,RT0070,2024-10-10,22:15:00,14:27:00,Completed,EMP0299,521
SCH00811,TR0031,RT0033,2023-03-31,10:15:00,06:27:00,Delayed,EMP0455,920
SCH00812,TR0106,RT0115,2023-09-20,21:00:00,11:06:00,On Time,EMP0124,641
SCH00813,TR0123,RT0126,2023-04-07,08:30:00,09:42:00,Delayed,EMP0248,281
SCH00814,TR0024,RT0068,2024-12-11,09:00:00,18:48:00,On Time,EMP0428,943
SCH00815,TR0063,RT0053,2024-04-28,22:00:00,16:30:00,On Time,EMP0254,111
SCH00816,TR0055,RT0004,2023-10-23,21:15:00,09:45:00,On Time,EMP0198,242
SCH00817,TR0125,RT0027,2023-04-20,10:15:00,13:51:00,Cancelled,EMP0390,590
SCH00818,TR0132,RT0081,2024-12-16,09:45:00,18:57:00,Delayed,EMP0435,566
SCH00819,TR0028,RT0034,2023-09-19,07:30:00,03:54:00,On Time,EMP0232,938
SCH00820,TR0159,RT0132,2024-03-03,06:45:00,11:27:00,On Time,EMP0143,483
SCH00821,TR0043,RT0079,2024-05-23,18:00:00,04:06:00,On Time,EMP0449,159
SCH00822,TR0191,RT0029,2023-03-27,07:00:00,01:24:00,Completed,EMP0096,323
SCH00823,TR0008,RT0122,2024-03-17,21:45:00,10:33:00,On Time,EMP0061,999
SCH00824,TR0141,RT0022,2023-11-29,11:45:00,10:33:00,On Time,EMP0204,564
SCH00825,TR0111,RT0131,2024-05-01,10:00:00,02:00:00,On Time,EMP0190,150
SCH00826,TR0013,RT0098,2023-10-05,23:45:00,13:03:00,On Time,EMP0097,462
SCH00827,TR0046,RT0071,2024-09-24,16:45:00,06:15:00,On Time,EMP0056,747
SCH00828,TR0013,RT0064,2023-10-06,03:15:00,18:45:00,On Time,EMP0459,86
SCH00829,TR0148,RT0069,2024-02-07,07:00:00,14:00:00,On Time,EMP0142,281
SCH00830,TR0159,RT0104,2024-12-02,12:45:00,14:03:00,On Time,EMP0376,893
SCH00831,TR0178,RT0069,2023-10-20,15:15:00,22:15:00,On Time,EMP0105,405
SCH00832,TR0164,RT0074,2023-12-17,22:30:00,06:00:00,Delayed,EMP0049,239
SCH00833,TR0129,RT0123,2023-04-14,23:30:00,02:48:00,Completed,EMP0353,294
SCH00834,TR0044,RT0081,2023-10-27,21:00:00,06:12:00,On Time,EMP0171,971
SCH00835,TR0117,RT0037,2023-05-04,00:45:00,04:21:00,On Time,EMP0011,231
SCH00836,TR0068,RT0020,2024-01-01,05:00:00,07:12:00,Delayed,EMP0497,535
SCH00837,TR0150,RT0001,2024-09-25,15:15:00,23:57:00,On Time,EMP0024,888
SCH00838,TR0005,RT0146,2024-05-24,21:30:00,08:18:00,Cancelled,EMP0269,565
SCH00839,TR0043,RT0038,2024-02-25,03:00:00,01:54:00,On Time,EMP0377,393
SCH00840,TR0116,RT0126,2023-05-11,23:30:00,00:42:00,Completed,EMP0132,729
SCH00841,TR0125,RT0065,2024-09-13,11:45:00,01:09:00,On Time,EMP0181,358
SCH00842,TR0182,RT0086,2024-03-30,16:45:00,07:45:00,On Time,EMP0352,581
SCH00843,TR0187,RT0006,2024-03-15,04:45:00,12:39:00,Completed,EMP0338,195
SCH00844,TR0092,RT0128,2023-02-01,00:15:00,05:39:00,Delayed,EMP0357,491
SCH00845,TR0093,RT0053,2024-01-03,23:00:00,17:30:00,On Time,EMP0489,436
SCH00846,TR0164,RT0028,2023-07-24,08:45:00,12:39:00,Completed,EMP0449,589
SCH00847,TR0045,RT0068,2024-06-17,21:30:00,07:18:00,Completed,EMP0201,653
SCH00848,TR0107,RT0071,2024-08-15,09:15:00,22:45:00,On Time,EMP0267,768
SCH00849,TR0088,RT0032,2023-10-07,13:45:00,13:15:00,Delayed,EMP0406,861
SCH00850,TR0089,RT0074,2024-11-16,03:00:00,10:30:00,On Time,EMP0351,200
SCH00851,TR0120,RT0039,2024-10-06,16:30:00,01:12:00,Delayed,EMP0341,216
SCH00852,TR0078,RT0125,2023-11-16,09:00:00,15:42:00,Delayed,EMP0008,514
SCH00853,TR0011,RT0056,2023-04-23,09:00:00,19:48:00,On Time,EMP0157,55
SCH00854,TR0111,RT0091,2023-04-13,21:00:00,05:30:00,On Time,EMP0071,408
SCH00855,TR0073,RT0129,2024-06-05,21:15:00,16:15:00,Completed,EMP0366,327
SCH00856,TR0037,RT0051,2024-09-12,13:00:00,21:06:00,On Time,EMP0017,534
SCH00857,TR0091,RT0064,2024-09-04,21:45:00,13:15:00,On Time,EMP0496,975
SCH00858,TR0026,RT0067,2023-07-03,09:30:00,03:00:00,On Time,EMP0224,745
SCH00859,TR0083,RT0149,2023-08-09,04:15:00,08:21:00,On Time,EMP0214,617
SCH00860,TR0052,RT0078,2024-10-25,09:00:00,08:24:00,On Time,EMP0475,693
SCH00861,TR0119,RT0140,2024-10-29,05:45:00,13:09:00,Delayed,EMP0427,497
SCH00862,TR0025,RT0036,2023-07-12,16:45:00,19:45:00,Delayed,EMP0258,751
SCH00863,TR0183,RT0092,2023-03-18,14:30:00,03:42:00,On Time,EMP0216,470
SCH00864,TR0119,RT0008,2023-01-24,17:00:00,00:42:00,Completed,EMP0216,140
SCH00865,TR0194,RT0036,2024-04-05,19:30:00,22:30:00,Delayed,EMP0298,574
SCH00866,TR0096,RT0033,2024-06-19,19:30:00,15:42:00,On Time,EMP0433,452
SCH00867,TR0033,RT0104,2024-12-19,21:00:00,22:18:00,On Time,EMP0391,945
SCH00868,TR0133,RT0118,2024-04-10,01:00:00,11:48:00,On Time,EMP0425,715
SCH00869,TR0028,RT0086,2024-12-26,19:00:00,10:00:00,Cancelled,EMP0290,543
SCH00870,TR0177,RT0085,2023-07-19,01:00:00,08:54:00,Delayed,EMP0346,573
SCH00871,TR0190,RT0014,2024-06-07,22:15:00,05:33:00,On Time,EMP0288,808
SCH00872,TR0127,RT0035,2024-12-25,07:15:00,12:03:00,On Time,EMP0160,786
SCH00873,TR0002,RT0125,2023-06-09,19:15:00,01:57:00,On Time,EMP0001,206
SCH00874,TR0155,RT0031,2024-03-05,16:00:00,10:06:00,On Time,EMP0054,535
SCH00875,TR0007,RT0130,2024-10-15,14:45:00,23:39:00,On Time,EMP0063,357
SCH00876,TR0104,RT0124,2024-12-04,05:15:00,08:45:00,Cancelled,EMP0280,316
SCH00877,TR0157,RT0113,2024-02-21,21:00:00,20:42:00,On Time,EMP0326,72
SCH00878,TR0048,RT0037,2023-08-03,23:15:00,02:51:00,On Time,EMP0380,766
SCH00879,TR0140,RT0052,2024-01-28,15:45:00,06:03:00,On Time,EMP0342,152
SCH00880,TR0151,RT0127,2024-05-05,11:30:00,21:42:00,On Time,EMP0358,869
SCH00881,TR0028,RT0119,2023-12-18,13:45:00,14:21:00,On Time,EMP0146,518
SCH00882,TR0031,RT0145,2023-05-03,12:00:00,20:54:00,Delayed,EMP0018,710
SCH00883,TR0167,RT0114,2023-10-25,01:30:00,13:00:00,Completed,EMP0240,953
SCH00884,TR0186,RT0118,2023-11-22,08:00:00,18:48:00,Completed,EMP0184,562
SCH00885,TR0129,RT0054,2023-08-19,11:45:00,14:51:00,On Time,EMP0090,721
SCH00886,TR0039,RT0091,2024-05-10,20:30:00,05:00:00,On Time,EMP0440,855
SCH00887,TR0036,RT0072,2023-09-25,21:30:00,05:12:00,Completed,EMP0035,988
SCH00888,TR0166,RT0124,2023-09-01,12:45:00,16:15:00,Delayed,EMP0093,639
SCH00889,TR0182,RT0130,2024-01-10,21:30:00,06:24:00,On Time,EMP0166,652
SCH00890,TR0149,RT0090,2024-02-15,18:45:00,14:51:00,On Time,EMP0016,922
SCH00891,TR0188,RT0041,2023-11-02,07:00:00,21:00:00,Delayed,EMP0256,745
SCH00892,TR0122,RT0083,2023-07-25,07:15:00,23:03:00,On Time,EMP0451,228
SCH00893,TR0187,RT0099,2024-11-07,13:00:00,17:00:00,On Time,EMP0129,167
SCH00894,TR0010,RT0019,2023-02-23,14:30:00,13:42:00,Delayed,EMP0431,80
SCH00895,TR0045,RT0083,2023-05-10,03:45:00,19:33:00,On Time,EMP0327,637
SCH00896,TR0143,RT0052,2024-09-17,06:30:00,20:48:00,On Time,EMP0348,342
SCH00897,TR0058,RT0052,2023-06-09,23:15:00,13:33:00,On Time,EMP0271,878
SCH00898,TR0050,RT0023,2024-08-23,18:00:00,07:18:00,Delayed,EMP0343,148
SCH00899,TR0053,RT0009,2023-06-05,04:00:00,13:18:00,On Time,EMP0209,631
SCH00900,TR0140,RT0019,2024-08-29,10:15:00,09:27:00,Delayed,EMP0491,982
SCH00901,TR0187,RT0136,2024-03-20,15:15:00,13:57:00,Cancelled,EMP0293,897
SCH00902,TR0122,RT0129,2023-10-19,11:30:00,06:30:00,Delayed,EMP0287,923
SCH00903,TR0036,RT0018,2023-03-21,14:45:00,20:39:00,Delayed,EMP0448,122
SCH00904,TR0146,RT0021,2023-11-20,04:30:00,23:42:00,On Time,EMP0256,286
SCH00905,TR0014,RT0139,2023-01-12,10:00:00,02:30:00,On Time,EMP0482,346
SCH00906,TR0065,RT0100,2024-11-19,22:30:00,18:54:00,On Time,EMP0447,211
SCH00907,TR0074,RT0020,2023-08-13,17:15:00,19:27:00,Completed,EMP0478,675
SCH00908,TR0129,RT0080,2024-11-26,12:00:00,11:12:00,On Time,EMP0457,163
SCH00909,TR0150,RT0121,2024-04-05,08:00:00,04:54:00,On Time,EMP0216,317
SCH00910,TR0052,RT0086,2024-09-22,01:15:00,16:15:00,On Time,EMP0419,801
SCH00911,TR0085,RT0016,2023-05-11,07:45:00,17:51:00,On Time,EMP0486,627
SCH00912,TR0157,RT0010,2024-03-03,11:00:00,15:30:00,Completed,EMP0307,807
SCH00913,TR0157,RT0021,2024-12-26,17:45:00,12:57:00,Completed,EMP0139,790
SCH00914,TR0011,RT0027,2023-05-31,01:45:00,05:21:00,On Time,EMP0333,408
SCH00915,TR0111,RT0123,2023-05-03,09:15:00,12:33:00,On Time,EMP0029,76
SCH00916,TR0199,RT0051,2024-08-17,17:45:00,01:51:00,Delayed,EMP0378,68
SCH00917,TR0142,RT0124,2023-12-28,01:45:00,05:15:00,Delayed,EMP0357,178
SCH00918,TR0111,RT0110,2023-03-08,17:15:00,03:09:00,On Time,EMP0061,968
SCH00919,TR0158,RT0095,2024-10-12,11:15:00,14:21:00,On Time,EMP0471,109
SCH00920,TR0061,RT0060,2024-04-20,02:00:00,09:18:00,On Time,EMP0383,820
SCH00921,TR0138,RT0146,2023-12-29,01:00:00,11:48:00,Completed,EMP0128,882
SCH00922,TR0015,RT0020,2023-11-03,01:15:00,03:27:00,On Time,EMP0145,94
SCH00923,TR0081,RT0090,2023-12-04,19:15:00,15:21:00,Completed,EMP0067,670
SCH00924,TR0102,RT0123,2024-01-30,21:00:00,00:18:00,Delayed,EMP0040,306
SCH00925,TR0140,RT0053,2023-10-19,15:30:00,10:00:00,Completed,EMP0440,275
SCH00926,TR0114,RT0078,2024-02-04,11:30:00,10:54:00,Completed,EMP0126,589
SCH00927,TR0069,RT0082,2024-06-02,22:00:00,23:12:00,On Time,EMP0462,470
SCH00928,TR0181,RT0125,2024-02-21,08:00:00,14:42:00,On Time,EMP0071,911
SCH00929,TR0134,RT0060,2023-03-04,09:15:00,16:33:00,On Time,EMP0372,885
SCH00930,TR0037,RT0010,2023-12-26,07:45:00,12:15:00,Delayed,EMP0233,166
SCH00931,TR0006,RT0128,2023-07-09,01:30:00,06:54:00,On Time,EMP0197,357
SCH00932,TR0022,RT0016,2024-09-13,08:45:00,18:51:00,On Time,EMP0442,441
SCH00933,TR0099,RT0114,2024-09-17,01:15:00,12:45:00,On Time,EMP0095,725
SCH00934,TR0111,RT0137,2023-04-20,01:30:00,05:42:00,On Time,EMP0391,406
SCH00935,TR0007,RT0087,2023-05-16,08:15:00,01:09:00,Delayed,EMP0175,793
SCH00936,TR0160,RT0112,2023-03-23,13:00:00,15:18:00,Cancelled,EMP0284,447
SCH00937,TR0185,RT0074,2024-10-11,17:45:00,01:15:00,On Time,EMP0369,631
SCH00938,TR0197,RT0133,2023-08-16,08:15:00,17:51:00,Completed,EMP0240,813
SCH00939,TR0061,RT0034,2023-11-29,00:30:00,20:54:00,Delayed,EMP0487,330
SCH00940,TR0022,RT0064,2023-09-02,17:30:00,09:00:00,On Time,EMP0203,89
SCH00941,TR0158,RT0071,2023-12-04,11:30:00,01:00:00,Delayed,EMP0401,718
SCH00942,TR0198,RT0004,2023-05-25,03:30:00,16:00:00,Delayed,EMP0165,906
SCH00943,TR0068,RT0046,2024-01-05,14:45:00,14:33:00,On Time,EMP0005,527
SCH00944,TR0010,RT0092,2023-10-08,15:15:00,04:27:00,On Time,EMP0297,131
SCH00945,TR0071,RT0142,2023-04-11,10:00:00,19:18:00,On Time,EMP0133,834
SCH00946,TR0071,RT0067,2023-06-08,15:15:00,08:45:00,On Time,EMP0090,200
SCH00947,TR0159,RT0013,2023-09-21,07:00:00,11:24:00,Delayed,EMP0095,750
SCH00948,TR0130,RT0113,2023-05-16,18:30:00,18:12:00,On Time,EMP0368,283
SCH00949,TR0016,RT0067,2023-06-14,08:00:00,01:30:00,Delayed,EMP0440,919
SCH00950,TR0091,RT0139,2024-02-24,22:00:00,14:30:00,Delayed,EMP0180,161
SCH00951,TR0020,RT0130,2023-04-27,14:00:00,22:54:00,On Time,EMP0122,258
SCH00952,TR0084,RT0147,2024-04-08,11:45:00,22:21:00,On Time,EMP0219,946
SCH00953,TR0073,RT0037,2023-06-09,00:30:00,04:06:00,Delayed,EMP0185,393
SCH00954,TR0105,RT0096,2024-09-28,15:30:00,03:18:00,Delayed,EMP0083,427
SCH00955,TR0012,RT0075,2024-05-07,04:00:00,05:24:00,On Time,EMP0109,877
SCH00956,TR0081,RT0131,2024-06-27,22:30:00,14:30:00,Completed,EMP0194,900
SCH00957,TR0150,RT0009,2023-01-09,21:15:00,06:33:00,On Time,EMP0333,130
SCH00958,TR0020,RT0058,2024-08-20,18:45:00,12:39:00,On Time,EMP0063,917
SCH00959,TR0136,RT0014,2024-03-11,19:45:00,03:03:00,Delayed,EMP0267,501
SCH00960,TR0082,RT0069,2023-06-09,06:30:00,13:30:00,Completed,EMP0169,298
SCH00961,TR0197,RT0093,2023-06-12,07:45:00,15:51:00,On Time,EMP0498,168
SCH00962,TR0178,RT0062,2024-09-05,14:45:00,22:27:00,On Time,EMP0181,623
SCH00963,TR0130,RT0020,2024-05-18,11:45:00,13:57:00,Delayed,EMP0230,855
SCH00964,TR0108,RT0059,2024-09-20,18:15:00,17:09:00,Completed,EMP0126,845
SCH00965,TR0105,RT0150,2024-09-26,21:15:00,09:33:00,Delayed,EMP0408,343
SCH00966,TR0088,RT0081,2024-12-27,03:00:00,12:12:00,On Time,EMP0259,201
SCH00967,TR0148,RT0127,2024-04-03,20:15:00,06:27:00,Completed,EMP0449,514
SCH00968,TR0004,RT0043,2024-05-14,03:45:00,06:21:00,On Time,EMP0284,778
SCH00969,TR0121,RT0026,2023-11-07,04:00:00,15:00:00,Cancelled,EMP0013,756
SCH00970,TR0043,RT0019,2023-04-30,04:45:00,03:57:00,Completed,EMP0182,180
SCH00971,TR0103,RT0143,2024-10-08,07:30:00,06:00:00,On Time,EMP0460,894
SCH00972,TR0087,RT0028,2024-03-04,23:00:00,02:54:00,On Time,EMP0472,413
SCH00973,TR0115,RT0105,2023-06-11,20:45:00,11:33:00,Delayed,EMP0224,346
SCH00974,TR0194,RT0123,2024-11-23,22:15:00,01:33:00,Delayed,EMP0371,834
SCH00975,TR0151,RT0131,2023-11-28,02:15:00,18:15:00,Completed,EMP0304,657
SCH00976,TR0095,RT0117,2023-09-12,12:30:00,04:06:00,On Time,EMP0261,789
SCH00977,TR0151,RT0072,2023-12-05,03:15:00,10:57:00,On Time,EMP0175,99
SCH00978,TR0145,RT0133,2023-06-17,16:45:00,02:21:00,On Time,EMP0197,376
SCH00979,TR0194,RT0046,2024-06-28,04:00:00,03:48:00,Cancelled,EMP0377,953
SCH00980,TR0188,RT0054,2023-05-04,13:30:00,16:36:00,Delayed,EMP0316,371
SCH00981,TR0026,RT0089,2023-07-12,09:15:00,00:57:00,On Time,EMP0141,548
SCH00982,TR0113,RT0058,2024-04-30,05:30:00,23:24:00,Completed,EMP0133,670
SCH00983,TR0193,RT0028,2024-05-21,07:30:00,11:24:00,On Time,EMP0106,615
SCH00984,TR0131,RT0044,2024-08-02,00:00:00,01:18:00,Completed,EMP0277,600
SCH00985,TR0050,RT0002,2024-09-30,15:00:00,11:06:00,On Time,EMP0145,634
SCH00986,TR0110,RT0114,2024-01-14,16:15:00,03:45:00,Cancelled,EMP0152,990
SCH00987,TR0029,RT0031,2023-05-13,14:45:00,08:51:00,On Time,EMP0045,935
SCH00988,TR0036,RT0072,2023-03-28,23:00:00,06:42:00,Completed,EMP0412,130
SCH00989,TR0191,RT0057,2024-07-24,23:00:00,03:54:00,On Time,EMP0260,393
SCH00990,TR0071,RT0117,2023-08-29,20:00:00,11:36:00,Delayed,EMP0162,963
SCH00991,TR0010,RT0111,2023-06-10,03:30:00,21:18:00,On Time,EMP0286,726
SCH00992,TR0161,RT0010,2023-07-13,20:00:00,00:30:00,On Time,EMP0301,435
SCH00993,TR0057,RT0051,2024-09-04,08:45:00,16:51:00,On Time,EMP0417,241
SCH00994,TR0188,RT0128,2024-03-04,09:15:00,14:39:00,On Time,EMP0449,140
SCH00995,TR0133,RT0055,2023-01-01,00:45:00,20:33:00,On Time,EMP0286,675
SCH00996,TR0054,RT0046,2023-10-01,01:45:00,01:33:00,Delayed,EMP0315,439
SCH00997,TR0162,RT0150,2023-07-23,07:30:00,19:48:00,On Time,EMP0337,234
SCH00998,TR0077,RT0060,2023-03-06,09:45:00,17:03:00,On Time,EMP0323,451
SCH00999,TR0154,RT0092,2024-05-29,17:45:00,06:57:00,On Time,EMP0113,165
SCH01000,TR0194,RT0074,2024-07-08,13:45:00,21:15:00,On Time,EMP0340,485
